Channel,LOB,Country,Requester,CR_Lv4,Evaluado,Supervisor,Tenure,QA_Score,Duration,Week
Phone,Delivery,CO,Customer,Payment methods available,Agent 1,Supervisor 1,Tenure (De 3 a 6 Meses),100.0,126.0,W19
Phone,Delivery,MX,Customer,Courier picked up order incorrectly,Agent 2,Supervisor 2,New hire,0.0,101.0,W19
Phone,Delivery,MX,Customer,Refund status and conditions,Agent 3,Supervisor 3,Tenure (De 3 a 6 Meses),90.0,66.0,W19
Phone,Delivery,CO,Customer,User disagrees with cancellation charge/debt,Agent 4,Supervisor 4,Tenure (De 6 a 12 Meses),90.0,68.0,W19
Phone,Delivery,MX,Customer,Refund status and conditions,Agent 5,Supervisor 5,Tenure (De 6 a 12 Meses),90.0,40.0,W19
Phone,Delivery,MX,Customer,Placing an order information,Agent 6,Supervisor 6,Tenure (De 6 a 12 Meses),90.0,51.0,W19
Phone,Delivery,MX,Customer,Order appears as completed but customer haven't receive it - full service,Agent 7,Supervisor 7,Tenure (De 6 a 12 Meses),100.0,63.0,W19
Phone,Delivery,CO,Customer,Cancel the order,Agent 8,Supervisor 8,Tenure (De 30 a 90 días),100.0,39.0,W19
Phone,Delivery,MX,Customer,Other business line,Agent 9,Supervisor 9,Tenure (De 6 a 12 Meses),100.0,64.0,W19
Phone,Delivery,MX,Customer,Order appears as completed but customer haven't receive it - full service,Agent 10,Supervisor 4,Tenure (De 6 a 12 Meses),100.0,111.0,W19
Phone,Delivery,MX,Customer,Rate another user,Agent 11,Supervisor 9,Tenure (De 6 a 12 Meses),100.0,8.0,W19
Phone,Delivery,MX,Customer,Order appears as completed but customer haven't receive it - full service,Agent 12,Supervisor 7,Tenure (De 3 a 6 Meses),90.0,58.0,W19
Phone,Delivery,MX,Customer,Cancel the order,Agent 13,Supervisor 10,Tenure (De 30 a 90 días),100.0,62.0,W19
Phone,Delivery,CO,Customer,Cancel the order,Agent 14,Supervisor 11,Tenure (Mas de 1 año),100.0,79.0,W19
Phone,Delivery,MX,Customer,Membership program renewal charge,Agent 15,Supervisor 12,Tenure (Mas de 1 año),90.0,77.0,W19
Phone,Delivery,MX,Customer,Order appears as completed but customer haven't receive it - full service,Agent 16,Supervisor 10,Tenure (De 30 a 90 días),90.0,8.0,W19
Phone,Delivery,MX,Customer,Refund status and conditions,Agent 17,Supervisor 1,Tenure (De 6 a 12 Meses),100.0,68.0,W19
Phone,Delivery,MX,Customer,Store refuses to deliver,Agent 18,Supervisor 4,Tenure (De 6 a 12 Meses),100.0,61.0,W19
Phone,Delivery,MX,Customer,Order is active but customer already received it,Agent 19,Supervisor 7,Tenure (De 6 a 12 Meses),100.0,76.0,W19
Phone,Delivery,MX,Customer,Refund status and conditions,Agent 10,Supervisor 4,Tenure (De 6 a 12 Meses),0.0,56.0,W19
Phone,Delivery,MX,Customer,Courier overcharged me,Agent 20,Supervisor 10,Tenure (De 30 a 90 días),90.0,58.0,W19
Phone,Delivery,MX,Customer,After sales user fraud (under anti fraud review),Agent 21,Supervisor 9,Tenure (De 6 a 12 Meses),0.0,81.0,W19
Phone,Delivery,MX,Customer,Invalid contact,Agent 22,Supervisor 11,Tenure (Mas de 1 año),0.0,68.0,W19
Phone,Delivery,MX,Customer,Membership program renewal charge,Agent 23,Supervisor 9,Tenure (De 6 a 12 Meses),100.0,72.0,W19
Phone,Delivery,MX,Customer,Cancel the order,Agent 18,Supervisor 4,Tenure (De 6 a 12 Meses),100.0,64.0,W19
Phone,Delivery,MX,Customer,Cancel the order,Agent 24,Supervisor 3,Tenure (De 3 a 6 Meses),100.0,68.0,W19
Phone,Delivery,CO,Customer,User disagrees with cancellation charge/debt,Agent 4,Supervisor 4,Tenure (De 6 a 12 Meses),100.0,55.0,W19
Phone,Delivery,CR,Customer,Robbery,Agent 25,Supervisor 9,Tenure (De 3 a 6 Meses),90.0,57.0,W19
Phone,Delivery,MX,Customer,Order is active but customer already received it,Agent 26,Supervisor 13,Tenure (De 6 a 12 Meses),0.0,76.0,W19
Phone,Delivery,CO,Customer,Order appears as completed but customer haven't receive it - full service,Agent 9,Supervisor 9,Tenure (De 6 a 12 Meses),100.0,87.0,W19
Phone,Delivery,CO,Customer,Account stolen (under antifraud review),Agent 27,Supervisor 7,Tenure (De 3 a 6 Meses),90.0,12.0,W19
Phone,Delivery,CO,Customer,Other business line,Agent 9,Supervisor 9,Tenure (De 6 a 12 Meses),100.0,58.0,W19
Phone,Delivery,MX,Customer,Terms and conditions,Agent 28,Supervisor 9,Tenure (De 6 a 12 Meses),100.0,62.0,W19
Phone,Delivery,MX,Customer,Courier overcharged me,Agent 29,Supervisor 9,Tenure (De 6 a 12 Meses),100.0,57.0,W19
Phone,Delivery,CO,Customer,Cannot place cash order (under antifraud review),Agent 30,Supervisor 9,Tenure (De 6 a 12 Meses),100.0,11.0,W19
Phone,Delivery,CO,Customer,Refund status and conditions doubts,Agent 31,Supervisor 4,Tenure (De 6 a 12 Meses),100.0,30.0,W19
Phone,Delivery,MX,Customer,Refund status and conditions,Agent 17,Supervisor 1,Tenure (De 6 a 12 Meses),90.0,86.0,W19
Phone,Delivery,MX,Customer,Courier overcharged me,Agent 28,Supervisor 9,Tenure (De 6 a 12 Meses),0.0,133.0,W19
Phone,Delivery,MX,Customer,Cancel the order,Agent 18,Supervisor 4,Tenure (De 6 a 12 Meses),100.0,64.0,W19
Phone,Delivery,MX,Customer,Cancel the order,Agent 1,Supervisor 1,Tenure (De 3 a 6 Meses),90.0,59.0,W19
Phone,Delivery,CO,Customer,Cancel the order,Agent 4,Supervisor 4,Tenure (De 6 a 12 Meses),90.0,42.0,W19
Phone,Delivery,CR,Customer,Order appears as completed but customer haven't receive it - full service,Agent 32,Supervisor 9,Tenure (De 6 a 12 Meses),100.0,56.0,W19
Phone,Delivery,MX,Customer,Cancel the order,Agent 5,Supervisor 5,Tenure (De 6 a 12 Meses),90.0,64.0,W19
Phone,Delivery,MX,Customer,Cancel the order,Agent 23,Supervisor 9,Tenure (De 6 a 12 Meses),90.0,9.0,W19
Phone,Delivery,MX,Customer,Cancel the order,Agent 11,Supervisor 9,Tenure (De 6 a 12 Meses),90.0,67.0,W19
Phone,Delivery,MX,Customer,Cancel the order,Agent 33,Supervisor 14,Tenure (De 30 a 90 días),0.0,70.0,W19
Phone,Delivery,MX,Customer,Order appears as completed but customer haven't receive it - full service,Agent 34,Supervisor 11,Tenure (De 6 a 12 Meses),100.0,77.0,W19
Phone,Delivery,CR,Customer,Cancel the order,Agent 35,Supervisor 1,Tenure (De 3 a 6 Meses),100.0,40.0,W19
Phone,Delivery,MX,Customer,Invalid contact,Agent 19,Supervisor 7,Tenure (De 6 a 12 Meses),100.0,71.0,W19
Phone,Delivery,MX,Customer,Rate another user,Agent 36,Supervisor 9,Tenure (De 6 a 12 Meses),100.0,62.0,W19
Phone,Delivery,MX,Customer,Wrong order,Agent 37,Supervisor 14,Tenure (De 30 a 90 días),90.0,85.0,W19
Phone,Delivery,MX,Customer,User disagrees with cancellation charge/debt,Agent 4,Supervisor 4,Tenure (De 6 a 12 Meses),80.0,82.0,W19
Phone,Delivery,CO,Customer,Cancel the order,Agent 38,Supervisor 11,Tenure (Mas de 1 año),100.0,86.0,W19
Phone,Delivery,CO,Customer,Order appears as completed but customer haven't receive it - full service,Agent 39,Supervisor 9,Tenure (De 6 a 12 Meses),100.0,78.0,W19
Phone,Delivery,MX,Customer,Order appears as completed but customer haven't receive it - full service,Agent 5,Supervisor 5,Tenure (De 6 a 12 Meses),100.0,83.0,W19
Phone,Delivery,CO,Customer,User disagrees with cancellation charge/debt,Agent 24,Supervisor 3,Tenure (De 3 a 6 Meses),90.0,78.0,W19
Phone,Delivery,MX,Customer,Refund status and conditions,Agent 5,Supervisor 5,Tenure (De 6 a 12 Meses),100.0,75.0,W19
Phone,Delivery,MX,Customer,Refund status and conditions,Agent 10,Supervisor 4,Tenure (De 6 a 12 Meses),90.0,87.0,W19
Phone,Delivery,MX,Customer,Order is active but customer already received it,Agent 4,Supervisor 4,Tenure (De 6 a 12 Meses),0.0,61.0,W19
Phone,Delivery,CO,Customer,Invalid contact,Agent 40,Supervisor 1,Tenure (De 6 a 12 Meses),100.0,48.0,W19
Phone,Delivery,MX,Customer,Order appears as completed but customer haven't receive it - full service,Agent 41,Supervisor 10,Tenure (De 30 a 90 días),100.0,8.0,W19
Phone,Delivery,MX,Customer,Membership program renewal charge,Agent 5,Supervisor 5,Tenure (De 6 a 12 Meses),90.0,119.0,W19
Phone,Delivery,MX,Customer,Cancel the order,Agent 23,Supervisor 9,Tenure (De 6 a 12 Meses),100.0,69.0,W19
Phone,Delivery,MX,Customer,Order appears as completed but customer haven't receive it - full service,Agent 12,Supervisor 7,Tenure (De 3 a 6 Meses),90.0,72.0,W19
Phone,Delivery,CO,Customer,Cannot place cash order (under antifraud review),Agent 42,Supervisor 14,Tenure (De 30 a 90 días),90.0,18.0,W19
Phone,Delivery,MX,Customer,Order is active but customer already received it,Agent 43,Supervisor 12,Tenure (Mas de 1 año),100.0,66.0,W19
Phone,Delivery,CO,Customer,Cancel the order,Agent 4,Supervisor 4,Tenure (De 6 a 12 Meses),90.0,45.0,W19
Phone,Delivery,CO,Customer,Cancel the order,Agent 10,Supervisor 4,Tenure (De 6 a 12 Meses),100.0,64.0,W19
Phone,Delivery,MX,Customer,User disagrees with cancellation charge/debt,Agent 10,Supervisor 4,Tenure (De 6 a 12 Meses),90.0,65.0,W19
Phone,Delivery,CR,Customer,Courier overcharged me,Agent 44,Supervisor 7,Tenure (De 30 a 90 días),0.0,56.0,W19
Phone,Delivery,MX,Customer,Order appears as completed but customer haven't receive it - full service,Agent 29,Supervisor 9,Tenure (De 6 a 12 Meses),100.0,58.0,W19
Phone,Delivery,MX,Customer,Refund status and conditions,Agent 4,Supervisor 4,Tenure (De 6 a 12 Meses),80.0,68.0,W19
Phone,Delivery,CO,Customer,Duplicated charge,Agent 26,Supervisor 13,Tenure (De 6 a 12 Meses),0.0,39.0,W19
Phone,Delivery,CO,Customer,After sales user fraud (under anti fraud review),Agent 21,Supervisor 9,Tenure (De 6 a 12 Meses),90.0,6.0,W19
Phone,Delivery,MX,Customer,User disagrees with cancellation charge/debt,Agent 18,Supervisor 4,Tenure (De 6 a 12 Meses),100.0,236.0,W19
Phone,Delivery,CO,Customer,Order appears as completed but customer haven't receive it - full service,Agent 1,Supervisor 1,Tenure (De 3 a 6 Meses),0.0,64.0,W19
Phone,Delivery,MX,Customer,Cancel the order,Agent 4,Supervisor 4,Tenure (De 6 a 12 Meses),90.0,63.0,W19
Phone,Delivery,MX,Customer,Refund status and conditions,Agent 31,Supervisor 4,Tenure (De 6 a 12 Meses),0.0,63.0,W19
Phone,Delivery,MX,Customer,Cancel the order,Agent 27,Supervisor 7,Tenure (De 3 a 6 Meses),100.0,100.0,W19
Phone,Delivery,MX,Customer,Order appears as completed but customer haven't receive it - full service,Agent 45,Supervisor 9,Tenure (De 6 a 12 Meses),0.0,65.0,W19
Phone,Delivery,MX,Customer,Courier overcharged me,Agent 33,Supervisor 14,Tenure (De 30 a 90 días),100.0,39.0,W19
Phone,Delivery,CO,Customer,Invalid contact,Agent 45,Supervisor 9,Tenure (De 6 a 12 Meses),100.0,105.0,W19
Phone,Delivery,MX,Customer,Order appears as completed but customer haven't receive it - market place,Agent 46,Supervisor 15,Tenure (De 6 a 12 Meses),0.0,60.0,W19
Phone,Delivery,MX,Customer,After sales user fraud (under anti fraud review),Agent 47,Supervisor 16,Tenure (De 30 a 90 días),100.0,166.0,W19
Phone,Delivery,CO,Customer,Cancel the order,Agent 12,Supervisor 7,Tenure (De 3 a 6 Meses),80.0,70.0,W19
Phone,Delivery,MX,Customer,Invalid contact,Agent 48,Supervisor 9,Tenure (De 6 a 12 Meses),100.0,68.0,W19
Phone,Delivery,MX,Customer,Other business line,Agent 43,Supervisor 12,Tenure (Mas de 1 año),100.0,108.0,W19
Phone,Delivery,MX,Customer,Cancel the order,Agent 13,Supervisor 10,Tenure (De 30 a 90 días),100.0,57.0,W19
Phone,Delivery,CO,Customer,Incomplete order,Agent 25,Supervisor 9,Tenure (De 3 a 6 Meses),0.0,125.0,W19
Phone,Delivery,CO,Customer,Order appears as completed but customer haven't receive it - full service,Agent 44,Supervisor 7,Tenure (De 30 a 90 días),100.0,18.0,W19
Phone,Delivery,MX,Customer,Invalid contact,Agent 16,Supervisor 10,Tenure (De 30 a 90 días),90.0,8.0,W19
Phone,Delivery,CO,Customer,Cancel the order,Agent 23,Supervisor 9,Tenure (De 6 a 12 Meses),90.0,73.0,W19
Phone,Delivery,MX,Customer,Invalid contact,Agent 19,Supervisor 7,Tenure (De 6 a 12 Meses),100.0,107.0,W19
Phone,Delivery,CO,Customer,Cancel the order,Agent 8,Supervisor 8,Tenure (De 30 a 90 días),90.0,50.0,W19
Phone,Delivery,MX,Customer,Order appears as completed but customer haven't receive it - full service,Agent 49,Supervisor 17,Tenure (De 30 a 90 días),90.0,152.0,W19
Phone,Delivery,MX,Customer,User disagrees with cancellation charge/debt,Agent 4,Supervisor 4,Tenure (De 6 a 12 Meses),100.0,105.0,W19
Phone,Delivery,MX,Customer,User disagrees with cancellation charge/debt,Agent 10,Supervisor 4,Tenure (De 6 a 12 Meses),0.0,66.0,W19
Phone,Delivery,CO,Customer,Bank card stolen (under antifraud review),Agent 11,Supervisor 9,Tenure (De 6 a 12 Meses),100.0,21.0,W19
Phone,Delivery,MX,Customer,Cancel the order,Agent 10,Supervisor 4,Tenure (De 6 a 12 Meses),100.0,102.0,W19
Phone,Delivery,MX,Customer,After sales user fraud (under anti fraud review),Agent 50,Supervisor 7,Tenure (De 6 a 12 Meses),90.0,63.0,W19
Phone,Delivery,MX,Customer,Cancel the order,Agent 13,Supervisor 10,Tenure (De 30 a 90 días),100.0,92.0,W19
Phone,Delivery,MX,Customer,Driver mismatch,Agent 17,Supervisor 1,Tenure (De 6 a 12 Meses),90.0,80.0,W19
Phone,Delivery,CO,Customer,Driver mismatch,Agent 35,Supervisor 1,Tenure (De 3 a 6 Meses),90.0,88.0,W19
Phone,Delivery,MX,Customer,Order appears as completed but customer haven't receive it - full service,Agent 18,Supervisor 4,Tenure (De 6 a 12 Meses),100.0,60.0,W19
Phone,Delivery,MX,Customer,Apply coupon to pay an order(non-af),Agent 51,Supervisor 9,Tenure (De 6 a 12 Meses),90.0,49.0,W19
Phone,Delivery,MX,Customer,Cancel the order,Agent 1,Supervisor 1,Tenure (De 3 a 6 Meses),100.0,66.0,W19
Phone,Delivery,CO,Customer,Cancel the order,Agent 10,Supervisor 4,Tenure (De 6 a 12 Meses),100.0,74.0,W19
Phone,Delivery,CO,Customer,Duplicated charge,Agent 6,Supervisor 6,Tenure (De 6 a 12 Meses),80.0,24.0,W19
Phone,Delivery,CO,Customer,Service not available in my area,Agent 52,Supervisor 18,New hire,90.0,59.0,W19
Phone,Delivery,CO,Customer,Order appears as completed but customer haven't receive it - full service,Agent 42,Supervisor 14,Tenure (De 30 a 90 días),90.0,58.0,W19
Phone,Delivery,MX,Customer,Order appears as completed but customer haven't receive it - full service,Agent 47,Supervisor 16,Tenure (De 30 a 90 días),0.0,61.0,W19
Phone,Delivery,CR,Customer,Referral coupon information,Agent 53,Supervisor 1,Tenure (De 3 a 6 Meses),0.0,100.0,W19
Phone,Delivery,MX,Customer,Order appears as completed but customer haven't receive it - full service,Agent 48,Supervisor 9,Tenure (De 6 a 12 Meses),90.0,111.0,W19
Phone,Delivery,MX,Customer,Cancel the order,Agent 31,Supervisor 4,Tenure (De 6 a 12 Meses),90.0,61.0,W19
Phone,Delivery,CO,Customer,After sales user fraud (under anti fraud review),Agent 35,Supervisor 1,Tenure (De 3 a 6 Meses),90.0,5.0,W19
Phone,Delivery,MX,Customer,Cancel the order,Agent 35,Supervisor 1,Tenure (De 3 a 6 Meses),100.0,99.0,W19
Phone,Delivery,CO,Customer,Order appears as completed but customer haven't receive it - full service,Agent 23,Supervisor 9,Tenure (De 6 a 12 Meses),100.0,61.0,W19
Phone,Delivery,CO,Customer,Duplicated charge,Agent 54,Supervisor 9,Tenure (De 3 a 6 Meses),90.0,46.0,W19
Phone,Delivery,MX,Customer,Order appears as completed but customer haven't receive it - full service,Agent 55,Supervisor 11,Tenure (De 6 a 12 Meses),90.0,63.0,W19
Phone,Delivery,CO,Customer,Cancel the order,Agent 12,Supervisor 7,Tenure (De 3 a 6 Meses),70.0,91.0,W19
Phone,Delivery,CO,Customer,Invalid contact,Agent 54,Supervisor 9,Tenure (De 3 a 6 Meses),90.0,57.0,W19
Phone,Delivery,MX,Customer,Order appears as completed but customer haven't receive it - full service,Agent 4,Supervisor 4,Tenure (De 6 a 12 Meses),90.0,62.0,W19
Phone,Delivery,CO,Customer,Cancel the order,Agent 4,Supervisor 4,Tenure (De 6 a 12 Meses),100.0,36.0,W19
Live Chat,Delivery,MX,Customer,order is active but customer already received it,Agent 56,Supervisor 6,Tenure (De 30 a 90 días),100.0,342.0,W19
Live Chat,Delivery,MX,Customer,membership program benefits,Agent 57,Supervisor 7,Tenure (De 3 a 6 Meses),100.0,925.0,W19
Live Chat,Delivery,MX,Customer,membership program benefits,Agent 58,Supervisor 8,New hire,100.0,1131.0,W19
Live Chat,Delivery,MX,Customer,Can't choose card as payment method (under antifraud review),Agent 59,Supervisor 7,Tenure (De 30 a 90 días),100.0,1471.0,W19
Live Chat,Delivery,MX,Customer,Online payment failure (under antifraud review),Agent 60,Supervisor 19,Tenure (De 30 a 90 días),100.0,1172.0,W19
Live Chat,Delivery,MX,Customer,settle a pending offline payment,Agent 61,Supervisor 3,Tenure (De 30 a 90 días),100.0,987.0,W19
Live Chat,Delivery,MX,Customer,wrong order,Agent 62,Supervisor 20,New hire,100.0,420.0,W19
Live Chat,Delivery,MX,Customer,Issues while paying to courier,Agent 63,Supervisor 8,New hire,90.0,616.0,W19
Live Chat,Delivery,CO,Customer,apply coupon to pay an order(Non-AF),Agent 64,Supervisor 1,Tenure (De 30 a 90 días),100.0,447.0,W19
Live Chat,Delivery,MX,Customer,Incomplete order,Agent 65,Supervisor 7,Tenure (De 3 a 6 Meses),100.0,530.0,W19
Live Chat,Delivery,MX,Customer,Inedible order,Agent 66,Supervisor 4,Tenure (De 30 a 90 días),100.0,789.0,W19
Live Chat,Delivery,MX,Customer,Can't choose card as payment method (under antifraud review),Agent 65,Supervisor 7,Tenure (De 3 a 6 Meses),90.0,667.0,W19
Live Chat,Delivery,CO,Customer,Issues while paying to courier,Agent 67,Supervisor 1,Tenure (De 30 a 90 días),90.0,574.0,W19
Live Chat,Delivery,CR,Customer,wrong order,Agent 68,Supervisor 3,Tenure (De 30 a 90 días),100.0,618.0,W19
Live Chat,Delivery,PE,Customer,Inedible order,Agent 69,Supervisor 21,Tenure (De 30 a 90 días),100.0,637.0,W19
Live Chat,Delivery,MX,Customer,placing an order information,Agent 70,Supervisor 7,Tenure (De 6 a 12 Meses),100.0,220.0,W19
Live Chat,Delivery,CO,Customer,rate another user,Agent 71,Supervisor 4,Tenure (De 30 a 90 días),100.0,892.0,W19
Live Chat,Delivery,MX,Customer,manage preparation instructions,Agent 13,Supervisor 10,Tenure (De 30 a 90 días),100.0,246.0,W19
Live Chat,Delivery,MX,Customer,wrong order,Agent 62,Supervisor 20,New hire,100.0,664.0,W19
Live Chat,Delivery,MX,Customer,Inedible order,Agent 72,Supervisor 4,Tenure (De 30 a 90 días),100.0,547.0,W19
Live Chat,Delivery,CR,Customer,cannot place cash order (under antifraud review),Agent 73,Supervisor 7,Tenure (De 3 a 6 Meses),100.0,1217.0,W19
Live Chat,Delivery,CR,Customer,membership program benefits,Agent 74,Supervisor 6,Tenure (De 30 a 90 días),100.0,1089.0,W19
Live Chat,Delivery,CO,Customer,membership program renewal charge,Agent 75,Supervisor 3,Tenure (De 30 a 90 días),100.0,344.0,W19
Live Chat,Delivery,MX,Customer,modify payment method,Agent 67,Supervisor 1,Tenure (De 30 a 90 días),100.0,463.0,W19
Live Chat,Delivery,MX,Customer,membership program renewal charge,Agent 59,Supervisor 7,Tenure (De 30 a 90 días),100.0,594.0,W19
Live Chat,Delivery,CO,Customer,Bank Card Stolen (under antifraud review),Agent 58,Supervisor 8,New hire,100.0,747.0,W19
Live Chat,Delivery,MX,Customer,cannot place cash order (under antifraud review),Agent 76,Supervisor 4,Tenure (De 30 a 90 días),100.0,1031.0,W19
Live Chat,Delivery,MX,Customer,driver mismatch,Agent 77,Supervisor 13,Tenure (De 30 a 90 días),100.0,534.0,W19
Live Chat,Delivery,MX,Customer,inedible order,Agent 78,Supervisor 22,New hire,100.0,913.0,W19
Live Chat,Delivery,CO,Customer,cancel the order,Agent 79,Supervisor 4,Tenure (De 30 a 90 días),90.0,582.0,W19
Live Chat,Delivery,MX,Customer,Inedible order,Agent 80,Supervisor 3,Tenure (De 30 a 90 días),100.0,773.0,W19
Live Chat,Delivery,MX,Customer,modify phone number,Agent 24,Supervisor 3,Tenure (De 3 a 6 Meses),100.0,526.0,W19
Live Chat,Delivery,CO,Customer,order is active but customer already received it,Agent 81,Supervisor 7,Tenure (De 30 a 90 días),100.0,159.0,W19
Live Chat,Delivery,CR,Customer,delivery verification code,Agent 82,Supervisor 11,Tenure (Mas de 1 año),100.0,856.0,W19
Live Chat,Delivery,MX,Customer,modify order products,Agent 83,Supervisor 7,Tenure (De 30 a 90 días),100.0,135.0,W19
Live Chat,Delivery,CO,Customer,Duplicated charge,Agent 84,Supervisor 6,Tenure (De 6 a 12 Meses),100.0,914.0,W19
Live Chat,Delivery,CO,Customer,cannot use my coupon (under antifraud review),Agent 85,Supervisor 1,Tenure (De 30 a 90 días),100.0,853.0,W19
Live Chat,Delivery,CO,Customer,order is active but customer already received it,Agent 86,Supervisor 23,Tenure (Mas de 1 año),100.0,184.0,W19
Live Chat,Delivery,MX,Customer,Driver or store request to cancel,Agent 87,Supervisor 7,Tenure (De 3 a 6 Meses),100.0,268.0,W19
Live Chat,Delivery,CO,Customer,cannot place cash order (under antifraud review),Agent 88,Supervisor 6,Tenure (De 30 a 90 días),100.0,424.0,W19
Live Chat,Delivery,MX,Customer,Incomplete order,Agent 89,Supervisor 6,Tenure (De 30 a 90 días),100.0,595.0,W19
Live Chat,Delivery,CO,Customer,didi pay balance & top up,Agent 90,Supervisor 12,Tenure (Mas de 1 año),100.0,107.0,W19
Live Chat,Delivery,CR,Customer,membership program renewal charge,Agent 91,Supervisor 3,Tenure (De 6 a 12 Meses),100.0,722.0,W19
Live Chat,Delivery,CO,Customer,Inedible order,Agent 92,Supervisor 3,Tenure (De 30 a 90 días),100.0,942.0,W19
Live Chat,Delivery,MX,Customer,Issues while paying to courier,Agent 63,Supervisor 8,New hire,90.0,596.0,W19
Live Chat,Delivery,CO,Customer,delete account,Agent 64,Supervisor 1,Tenure (De 30 a 90 días),100.0,385.0,W19
Live Chat,Delivery,MX,Customer,access to personal data,Agent 93,Supervisor 8,New hire,100.0,755.0,W19
Live Chat,Delivery,CO,Customer,terms and conditions,Agent 94,Supervisor 13,Tenure (De 30 a 90 días),100.0,968.0,W19
Live Chat,Delivery,MX,Customer,Courier overcharged me,Agent 95,Supervisor 4,Tenure (De 30 a 90 días),100.0,370.0,W19
Live Chat,Delivery,CO,Customer,After sales user fraud (under anti fraud review),Agent 96,Supervisor 6,Tenure (De 3 a 6 Meses),100.0,726.0,W19
Live Chat,Delivery,MX,Customer,order appears as completed but customer haven't receive it - groceries,Agent 97,Supervisor 16,Tenure (De 30 a 90 días),100.0,1077.0,W19
Live Chat,Delivery,MX,Customer,placing an order information,Agent 74,Supervisor 6,Tenure (De 30 a 90 días),100.0,527.0,W19
Live Chat,Delivery,MX,Customer,Incomplete order,Agent 98,Supervisor 8,Tenure (De 30 a 90 días),100.0,291.0,W19
Live Chat,Delivery,PE,Customer,modify order products,Agent 69,Supervisor 21,Tenure (De 30 a 90 días),100.0,516.0,W19
Live Chat,Delivery,MX,Customer,Online payment failure (under antifraud review),Agent 75,Supervisor 3,Tenure (De 30 a 90 días),90.0,172.0,W19
Live Chat,Delivery,CO,Customer,order is active but customer already received it,Agent 69,Supervisor 21,Tenure (De 30 a 90 días),100.0,399.0,W19
Live Chat,Delivery,MX,Customer,order status & delays,Agent 61,Supervisor 3,Tenure (De 30 a 90 días),100.0,159.0,W19
Live Chat,Delivery,CO,Customer,Incomplete order,Agent 89,Supervisor 6,Tenure (De 30 a 90 días),100.0,486.0,W19
Live Chat,Delivery,MX,Customer,After sales user fraud (under anti fraud review),Agent 99,Supervisor 22,New hire,100.0,351.0,W19
Live Chat,Delivery,MX,Customer,Incomplete order,Agent 100,Supervisor 3,Tenure (De 30 a 90 días),90.0,458.0,W19
Live Chat,Delivery,MX,Customer,order appears as completed but customer haven't receive it - full service,Agent 101,Supervisor 8,Tenure (De 30 a 90 días),100.0,13.0,W19
Live Chat,Delivery,MX,Customer,order appears as completed but customer haven't receive it - full service,Agent 102,Supervisor 20,New hire,100.0,159.0,W19
Live Chat,Delivery,MX,Customer,modify phone number,Agent 103,Supervisor 9,Tenure (De 3 a 6 Meses),100.0,0.0,W19
Live Chat,Delivery,MX,Customer,Online payment failure (under antifraud review),Agent 104,Supervisor 13,Tenure (De 3 a 6 Meses),90.0,493.0,W19
Live Chat,Delivery,MX,Customer,Bank Card Stolen (under antifraud review),Agent 105,Supervisor 6,Tenure (De 6 a 12 Meses),100.0,408.0,W19
Live Chat,Delivery,MX,Customer,Can't choose card as payment method (under antifraud review),Agent 106,Supervisor 7,Tenure (De 3 a 6 Meses),100.0,1697.0,W19
Live Chat,Delivery,MX,Customer,Duplicated charge,Agent 107,Supervisor 1,Tenure (De 30 a 90 días),80.0,463.0,W19
Live Chat,Delivery,MX,Customer,didi pay balance & top up,Agent 108,Supervisor 12,Tenure (Mas de 1 año),100.0,1412.0,W19
Live Chat,Delivery,CO,Customer,store promotions doubts,Agent 73,Supervisor 7,Tenure (De 3 a 6 Meses),100.0,975.0,W19
Live Chat,Delivery,MX,Customer,Bank Card Stolen (under antifraud review),Agent 80,Supervisor 3,Tenure (De 30 a 90 días),100.0,857.0,W19
Live Chat,Delivery,CO,Customer,placing an order information,Agent 108,Supervisor 12,Tenure (Mas de 1 año),100.0,1124.0,W19
Live Chat,Delivery,CO,Customer,cannot place cash order (under antifraud review),Agent 109,Supervisor 20,New hire,100.0,2008.0,W19
Live Chat,Delivery,CO,Customer,inedible order,Agent 64,Supervisor 1,Tenure (De 30 a 90 días),100.0,1196.0,W19
Live Chat,Delivery,MX,Customer,order appears as completed but customer haven't receive it - full service,Agent 72,Supervisor 4,Tenure (De 30 a 90 días),100.0,613.0,W19
Live Chat,Delivery,MX,Customer,wrong order,Agent 110,Supervisor 3,Tenure (De 30 a 90 días),100.0,1297.0,W19
Live Chat,Delivery,MX,Customer,wrong order,Agent 111,Supervisor 3,Tenure (De 6 a 12 Meses),100.0,956.0,W19
Live Chat,Delivery,MX,Customer,Bank Card Stolen (under antifraud review),Agent 112,Supervisor 24,Tenure (Mas de 1 año),0.0,596.0,W19
Live Chat,Delivery,MX,Customer,drug possession,Agent 113,Supervisor 3,Tenure (De 6 a 12 Meses),100.0,837.0,W19
Live Chat,Delivery,MX,Customer,Incomplete order,Agent 114,Supervisor 3,Tenure (De 3 a 6 Meses),100.0,1098.0,W19
Live Chat,Delivery,MX,Customer,Damaged order,Agent 98,Supervisor 8,Tenure (De 30 a 90 días),100.0,447.0,W19
Live Chat,Delivery,CO,Customer,order status & delays,Agent 115,Supervisor 14,Tenure (De 30 a 90 días),100.0,987.0,W19
Live Chat,Delivery,CO,Customer,order appears as completed but customer haven't receive it - full service,Agent 116,Supervisor 3,Tenure (De 30 a 90 días),100.0,1105.0,W19
Live Chat,Delivery,MX,Customer,delivery verification code,Agent 117,Supervisor 12,Tenure (De 6 a 12 Meses),100.0,536.0,W19
Live Chat,Delivery,CO,Customer,membership program renewal charge,Agent 118,Supervisor 1,Tenure (De 30 a 90 días),100.0,135.0,W19
Live Chat,Delivery,MX,Customer,modify phone number,Agent 119,Supervisor 9,Tenure (De 30 a 90 días),100.0,1166.0,W19
Live Chat,Delivery,MX,Customer,Duplicated charge,Agent 120,Supervisor 20,New hire,100.0,2117.0,W19
Live Chat,Delivery,MX,Customer,rate another user,Agent 95,Supervisor 4,Tenure (De 30 a 90 días),100.0,698.0,W19
Live Chat,Delivery,CO,Customer,apply coupon to pay an order(Non-AF),Agent 121,Supervisor 3,Tenure (De 30 a 90 días),100.0,566.0,W19
Live Chat,Delivery,MX,Customer,modify phone number,Agent 84,Supervisor 6,Tenure (De 6 a 12 Meses),90.0,1296.0,W19
Live Chat,Delivery,MX,Customer,After sales user fraud (under anti fraud review),Agent 122,Supervisor 4,Tenure (De 30 a 90 días),100.0,921.0,W19
Live Chat,Delivery,MX,Customer,Can't choose card as payment method (under antifraud review),Agent 123,Supervisor 16,Tenure (De 30 a 90 días),100.0,1082.0,W19
Live Chat,Delivery,MX,Customer,didi pay balance & top up,Agent 124,Supervisor 4,Tenure (De 30 a 90 días),100.0,1091.0,W19
Live Chat,Delivery,MX,Customer,Courier overcharged me,Agent 71,Supervisor 4,Tenure (De 30 a 90 días),100.0,1188.0,W19
Live Chat,Delivery,CO,Customer,order appears as completed but customer haven't receive it - full service,Agent 125,Supervisor 6,Tenure (De 30 a 90 días),100.0,1440.0,W19
Live Chat,Delivery,CO,Customer,order appears as completed but customer haven't receive it - full service,Agent 126,Supervisor 19,Tenure (De 30 a 90 días),100.0,352.0,W19
Live Chat,Delivery,PE,Customer,Damaged order,Agent 116,Supervisor 3,Tenure (De 30 a 90 días),0.0,431.0,W19
Live Chat,Delivery,MX,Customer,membership program benefits,Agent 127,Supervisor 9,Tenure (De 3 a 6 Meses),100.0,717.0,W19
Live Chat,Delivery,MX,Customer,Bank Card Stolen (under antifraud review),Agent 116,Supervisor 3,Tenure (De 30 a 90 días),100.0,946.0,W19
Live Chat,Delivery,MX,Customer,Inedible order,Agent 68,Supervisor 3,Tenure (De 30 a 90 días),100.0,496.0,W19
Live Chat,Delivery,CO,Customer,apply coupon to pay an order(Non-AF),Agent 92,Supervisor 3,Tenure (De 30 a 90 días),100.0,3731.0,W19
Live Chat,Delivery,MX,Customer,order is active but customer already received it,Agent 128,Supervisor 4,Tenure (De 30 a 90 días),100.0,25.0,W19
Live Chat,Delivery,MX,Customer,payment methods available,Agent 129,Supervisor 13,Tenure (De 30 a 90 días),100.0,421.0,W19
Live Chat,Delivery,MX,Customer,Courier overcharged me,Agent 130,Supervisor 8,New hire,100.0,790.0,W19
Live Chat,Delivery,CO,Customer,order appears as completed but customer haven't receive it - full service,Agent 131,Supervisor 3,Tenure (De 30 a 90 días),100.0,789.0,W19
Live Chat,Delivery,PE,Customer,After sales user fraud (under anti fraud review),Agent 119,Supervisor 9,Tenure (De 30 a 90 días),100.0,584.0,W19
Live Chat,Delivery,PE,Customer,Incomplete order,Agent 92,Supervisor 3,Tenure (De 30 a 90 días),100.0,813.0,W19
Live Chat,Delivery,MX,Customer,modify order products,Agent 13,Supervisor 10,Tenure (De 30 a 90 días),100.0,600.0,W19
Live Chat,Delivery,CO,Customer,store promotions doubts,Agent 132,Supervisor 12,Tenure (Mas de 1 año),100.0,691.0,W19
Live Chat,Delivery,MX,Customer,membership program renewal charge,Agent 133,Supervisor 13,Tenure (De 30 a 90 días),100.0,1916.0,W19
Live Chat,Delivery,CO,Customer,After sales user fraud (under anti fraud review),Agent 134,Supervisor 12,Tenure (Mas de 1 año),80.0,1018.0,W19
Live Chat,Delivery,CR,Customer,delivery fee information,Agent 135,Supervisor 12,Tenure (Mas de 1 año),100.0,284.0,W19
Live Chat,Delivery,CO,Customer,delivery verification code,Agent 136,Supervisor 6,Tenure (De 3 a 6 Meses),100.0,686.0,W19
Live Chat,Delivery,MX,Customer,After sales user fraud (under anti fraud review),Agent 68,Supervisor 3,Tenure (De 30 a 90 días),100.0,416.0,W19
Live Chat,Delivery,MX,Customer,membership program benefits,Agent 71,Supervisor 4,Tenure (De 30 a 90 días),100.0,926.0,W19
Live Chat,Delivery,MX,Customer,Inedible order,Agent 71,Supervisor 4,Tenure (De 30 a 90 días),100.0,315.0,W19
Live Chat,Delivery,MX,Customer,delivery verification code,Agent 126,Supervisor 19,Tenure (De 30 a 90 días),100.0,350.0,W19
Live Chat,Delivery,MX,Customer,delivery verification code,Agent 130,Supervisor 8,New hire,100.0,678.0,W19
Live Chat,Delivery,MX,Customer,order status & delays,Agent 89,Supervisor 6,Tenure (De 30 a 90 días),100.0,1435.0,W19
Live Chat,Delivery,MX,Customer,driver or store request to cancel,Agent 137,Supervisor 13,Tenure (De 30 a 90 días),90.0,995.0,W19
Live Chat,Delivery,CO,Customer,refund status and conditions,Agent 138,Supervisor 20,New hire,100.0,2671.0,W19
Live Chat,Delivery,MX,Customer,Incomplete order,Agent 98,Supervisor 8,Tenure (De 30 a 90 días),100.0,696.0,W19
Live Chat,Delivery,MX,Customer,store promotions doubts,Agent 139,Supervisor 3,Tenure (De 30 a 90 días),100.0,466.0,W19
Live Chat,Delivery,CO,Customer,membership program renewal charge,Agent 90,Supervisor 12,Tenure (Mas de 1 año),100.0,561.0,W19
Live Chat,Delivery,MX,Customer,cannot place cash order (under antifraud review),Agent 140,Supervisor 20,New hire,0.0,1098.0,W19
Live Chat,Delivery,MX,Customer,didi pay balance & top up,Agent 141,Supervisor 23,Tenure (Mas de 1 año),0.0,506.0,W19
Live Chat,Delivery,MX,Customer,Issues while paying to courier,Agent 100,Supervisor 3,Tenure (De 30 a 90 días),100.0,382.0,W19
Live Chat,Delivery,MX,Customer,didi pay balance & top up,Agent 142,Supervisor 6,Tenure (De 6 a 12 Meses),100.0,3782.0,W19
Live Chat,Delivery,MX,Customer,verification fee information,Agent 117,Supervisor 12,Tenure (De 6 a 12 Meses),100.0,187.0,W19
Live Chat,Delivery,MX,Customer,membership program renewal charge,Agent 3,Supervisor 3,Tenure (De 3 a 6 Meses),100.0,104.0,W19
Live Chat,Delivery,CO,Customer,Duplicated charge,Agent 143,Supervisor 15,Tenure (De 30 a 90 días),100.0,867.0,W19
Live Chat,Delivery,MX,Customer,Courier overcharged me,Agent 144,Supervisor 13,Tenure (De 6 a 12 Meses),100.0,269.0,W19
Live Chat,Delivery,CR,Customer,Can't choose card as payment method (under antifraud review),Agent 145,Supervisor 13,Tenure (De 30 a 90 días),90.0,339.0,W19
Live Chat,Delivery,MX,Customer,cannot place cash order (under antifraud review),Agent 146,Supervisor 6,Tenure (De 6 a 12 Meses),100.0,1008.0,W19
Live Chat,Delivery,MX,Customer,order is active but customer already received it,Agent 146,Supervisor 6,Tenure (De 6 a 12 Meses),100.0,153.0,W19
Live Chat,Delivery,MX,Customer,membership program renewal charge,Agent 114,Supervisor 3,Tenure (De 3 a 6 Meses),90.0,712.0,W19
Live Chat,Delivery,MX,Customer,membership program renewal charge,Agent 147,Supervisor 7,Tenure (De 6 a 12 Meses),100.0,554.0,W19
Live Chat,Delivery,MX,Customer,other business line,Agent 148,Supervisor 11,Tenure (Mas de 1 año),100.0,1386.0,W19
Live Chat,Delivery,CO,Customer,placing an order information,Agent 149,Supervisor 11,Tenure (Mas de 1 año),90.0,1496.0,W19
Live Chat,Delivery,MX,Customer,Courier overcharged me,Agent 71,Supervisor 4,Tenure (De 30 a 90 días),100.0,744.0,W19
Live Chat,Delivery,MX,Customer,Can't choose card as payment method (under antifraud review),Agent 105,Supervisor 6,Tenure (De 6 a 12 Meses),100.0,999.0,W19
Live Chat,Delivery,MX,Customer,order appears as completed but customer haven't receive it - full service,Agent 150,Supervisor 6,Tenure (De 30 a 90 días),100.0,724.0,W19
Live Chat,Delivery,MX,Customer,payment methods available,Agent 151,Supervisor 1,Tenure (De 30 a 90 días),100.0,192.0,W19
Live Chat,Delivery,MX,Customer,other business line,Agent 29,Supervisor 9,Tenure (De 6 a 12 Meses),100.0,1285.0,W19
Live Chat,Delivery,CO,Customer,After sales user fraud (under anti fraud review),Agent 126,Supervisor 19,Tenure (De 30 a 90 días),100.0,868.0,W19
Live Chat,Delivery,MX,Customer,Inedible order,Agent 92,Supervisor 3,Tenure (De 30 a 90 días),100.0,285.0,W19
Live Chat,Delivery,CR,Customer,apply coupon to pay an order(Non-AF),Agent 152,Supervisor 11,Tenure (Mas de 1 año),100.0,395.0,W19
Live Chat,Delivery,MX,Customer,didi pay balance & top up,Agent 110,Supervisor 3,Tenure (De 30 a 90 días),100.0,562.0,W19
Live Chat,Delivery,MX,Customer,other business line,Agent 101,Supervisor 8,Tenure (De 30 a 90 días),100.0,842.0,W19
Live Chat,Delivery,MX,Customer,food poisoning,Agent 153,Supervisor 12,Tenure (Mas de 1 año),100.0,1966.0,W19
Live Chat,Delivery,MX,Customer,order status & delays,Agent 139,Supervisor 3,Tenure (De 30 a 90 días),100.0,103.0,W19
Live Chat,Delivery,MX,Customer,delivery verification code,Agent 154,Supervisor 7,Tenure (De 30 a 90 días),0.0,801.0,W19
Live Chat,Delivery,MX,Customer,referral coupon information,Agent 155,Supervisor 20,New hire,100.0,944.0,W19
Live Chat,Delivery,CO,Customer,After sales user fraud (under anti fraud review),Agent 156,Supervisor 13,Tenure (De 6 a 12 Meses),100.0,1509.0,W19
Live Chat,Delivery,MX,Customer,Online payment failure (under antifraud review),Agent 140,Supervisor 20,New hire,100.0,1672.0,W19
Live Chat,Delivery,CO,Customer,User disagrees with cancellation charge/debt,Agent 38,Supervisor 11,Tenure (Mas de 1 año),100.0,897.0,W19
Live Chat,Delivery,MX,Customer,Online payment failure (under antifraud review),Agent 70,Supervisor 7,Tenure (De 6 a 12 Meses),100.0,1090.0,W19
Live Chat,Delivery,MX,Customer,Incomplete order,Agent 124,Supervisor 4,Tenure (De 30 a 90 días),100.0,1733.0,W19
Live Chat,Delivery,CO,Customer,After sales user fraud (under anti fraud review),Agent 157,Supervisor 8,New hire,100.0,1176.0,W19
Live Chat,Delivery,MX,Customer,didi pay balance & top up,Agent 147,Supervisor 7,Tenure (De 6 a 12 Meses),100.0,2016.0,W19
Live Chat,Delivery,MX,Customer,Can't choose card as payment method (under antifraud review),Agent 80,Supervisor 3,Tenure (De 30 a 90 días),100.0,546.0,W19
Live Chat,Delivery,MX,Customer,Inedible order,Agent 64,Supervisor 1,Tenure (De 30 a 90 días),100.0,737.0,W19
Live Chat,Delivery,MX,Customer,order appears as completed but customer haven't receive it - full service,Agent 101,Supervisor 8,Tenure (De 30 a 90 días),100.0,1376.0,W19
Live Chat,Delivery,CO,Customer,store registration,Agent 158,Supervisor 16,Tenure (De 30 a 90 días),0.0,388.0,W19
Live Chat,Delivery,CO,Customer,cannot place cash order (under antifraud review),Agent 106,Supervisor 7,Tenure (De 3 a 6 Meses),100.0,676.0,W19
Live Chat,Delivery,CR,Customer,order status & delays,Agent 127,Supervisor 9,Tenure (De 3 a 6 Meses),100.0,1043.0,W19
Live Chat,Delivery,MX,Customer,placing an order information,Agent 97,Supervisor 16,Tenure (De 30 a 90 días),100.0,1885.0,W19
Live Chat,Delivery,MX,Customer,order appears as completed but customer haven't receive it - full service,Agent 40,Supervisor 1,Tenure (De 6 a 12 Meses),90.0,681.0,W19
Live Chat,Delivery,CO,Customer,order appears as completed but customer haven't receive it - full service,Agent 159,Supervisor 20,New hire,90.0,1497.0,W19
Live Chat,Delivery,MX,Customer,order status & delays,Agent 160,Supervisor 8,Tenure (De 30 a 90 días),100.0,1364.0,W19
Live Chat,Delivery,MX,Customer,order status & delays,Agent 121,Supervisor 3,Tenure (De 30 a 90 días),100.0,394.0,W19
Live Chat,Delivery,CO,Customer,modify payment method,Agent 133,Supervisor 13,Tenure (De 30 a 90 días),100.0,744.0,W19
Live Chat,Delivery,MX,Customer,order status & delays,Agent 161,Supervisor 13,Tenure (De 3 a 6 Meses),100.0,2048.0,W19
Live Chat,Delivery,MX,Customer,Can't choose card as payment method (under antifraud review),Agent 162,Supervisor 8,New hire,100.0,463.0,W19
Live Chat,Delivery,MX,Customer,Inedible order,Agent 110,Supervisor 3,Tenure (De 30 a 90 días),100.0,1152.0,W19
Live Chat,Delivery,MX,Customer,invalid contact,Agent 163,Supervisor 9,Tenure (De 3 a 6 Meses),100.0,41.0,W19
Live Chat,Delivery,MX,Customer,order status & delays,Agent 164,Supervisor 4,Tenure (De 30 a 90 días),100.0,1127.0,W19
Live Chat,Delivery,CO,Customer,modify order products,Agent 165,Supervisor 20,New hire,100.0,588.0,W19
Live Chat,Delivery,MX,Customer,verification fee information,Agent 3,Supervisor 3,Tenure (De 3 a 6 Meses),100.0,897.0,W19
Live Chat,Delivery,MX,Customer,Account Stolen (under antifraud review),Agent 76,Supervisor 4,Tenure (De 30 a 90 días),100.0,868.0,W19
Live Chat,Delivery,MX,Customer,Issues while paying to courier,Agent 60,Supervisor 19,Tenure (De 30 a 90 días),100.0,324.0,W19
Live Chat,Delivery,CO,Customer,cancel the order,Agent 165,Supervisor 20,New hire,0.0,814.0,W19
Live Chat,Delivery,MX,Customer,membership program renewal charge,Agent 110,Supervisor 3,Tenure (De 30 a 90 días),100.0,163.0,W19
Live Chat,Delivery,MX,Customer,delivery verification code,Agent 166,Supervisor 11,Tenure (Mas de 1 año),100.0,1297.0,W19
Live Chat,Delivery,MX,Customer,Can't choose card as payment method (under antifraud review),Agent 24,Supervisor 3,Tenure (De 3 a 6 Meses),100.0,646.0,W19
Live Chat,Delivery,MX,Customer,Issues while paying to courier,Agent 68,Supervisor 3,Tenure (De 30 a 90 días),100.0,757.0,W19
Live Chat,Delivery,MX,Customer,order status & delays,Agent 167,Supervisor 8,Tenure (De 30 a 90 días),100.0,1538.0,W19
Live Chat,Delivery,CO,Customer,settle a pending offline payment,Agent 151,Supervisor 1,Tenure (De 30 a 90 días),100.0,1496.0,W19
Live Chat,Delivery,MX,Customer,membership program renewal charge,Agent 136,Supervisor 6,Tenure (De 3 a 6 Meses),100.0,180.0,W19
Live Chat,Delivery,CO,Customer,modify order products,Agent 168,Supervisor 4,Tenure (De 30 a 90 días),100.0,493.0,W19
Live Chat,Delivery,CO,Customer,Can't choose card as payment method (under antifraud review),Agent 169,Supervisor 4,Tenure (De 30 a 90 días),100.0,583.0,W19
Live Chat,Delivery,MX,Customer,Incomplete order,Agent 66,Supervisor 4,Tenure (De 30 a 90 días),100.0,1253.0,W19
Live Chat,Delivery,CR,Customer,Damaged order,Agent 13,Supervisor 10,Tenure (De 30 a 90 días),100.0,547.0,W19
Live Chat,Delivery,MX,Customer,store promotions doubts,Agent 156,Supervisor 13,Tenure (De 6 a 12 Meses),100.0,777.0,W19
Live Chat,Delivery,CO,Customer,After sales user fraud (under anti fraud review),Agent 170,Supervisor 6,Tenure (De 6 a 12 Meses),100.0,726.0,W19
Live Chat,Delivery,MX,Customer,Can't choose card as payment method (under antifraud review),Agent 104,Supervisor 13,Tenure (De 3 a 6 Meses),100.0,635.0,W19
Live Chat,Delivery,MX,Customer,Can't choose card as payment method (under antifraud review),Agent 114,Supervisor 3,Tenure (De 3 a 6 Meses),100.0,4.0,W19
Live Chat,Delivery,MX,Customer,Courier overcharged me,Agent 139,Supervisor 3,Tenure (De 30 a 90 días),100.0,910.0,W19
Live Chat,Delivery,CO,Customer,apply coupon to pay an order(Non-AF),Agent 171,Supervisor 20,New hire,100.0,1623.0,W19
Live Chat,Delivery,CO,Customer,After sales user fraud (under anti fraud review),Agent 107,Supervisor 1,Tenure (De 30 a 90 días),100.0,654.0,W19
Live Chat,Delivery,MX,Customer,Can't choose card as payment method (under antifraud review),Agent 172,Supervisor 4,Tenure (De 30 a 90 días),100.0,817.0,W19
Live Chat,Delivery,MX,Customer,Issues while paying to courier,Agent 173,Supervisor 1,Tenure (De 30 a 90 días),100.0,76.0,W19
Live Chat,Delivery,MX,Customer,didi pay balance & top up,Agent 174,Supervisor 13,Tenure (De 6 a 12 Meses),100.0,1071.0,W19
Live Chat,Delivery,CO,Customer,Issues while paying to courier,Agent 123,Supervisor 16,Tenure (De 30 a 90 días),100.0,16.0,W19
Live Chat,Delivery,PE,Customer,Damaged order,Agent 175,Supervisor 3,Tenure (Mas de 1 año),100.0,1238.0,W19
Live Chat,Delivery,MX,Customer,modify order products,Agent 176,Supervisor 23,Tenure (Mas de 1 año),100.0,146.0,W19
Live Chat,Delivery,CO,Customer,membership program renewal charge,Agent 81,Supervisor 7,Tenure (De 30 a 90 días),100.0,962.0,W19
Live Chat,Delivery,MX,Customer,modify payment method,Agent 177,Supervisor 20,New hire,100.0,527.0,W19
Live Chat,Delivery,MX,Customer,Courier overcharged me,Agent 174,Supervisor 13,Tenure (De 6 a 12 Meses),100.0,216.0,W19
Live Chat,Delivery,MX,Customer,membership program benefits,Agent 118,Supervisor 1,Tenure (De 30 a 90 días),100.0,1286.0,W19
Live Chat,Delivery,CO,Customer,payment methods available,Agent 178,Supervisor 4,Tenure (De 30 a 90 días),100.0,496.0,W19
Live Chat,Delivery,CR,Customer,Bank Card Stolen (under antifraud review),Agent 179,Supervisor 15,Tenure (De 6 a 12 Meses),100.0,1869.0,W19
Live Chat,Delivery,CR,Customer,payment methods available,Agent 180,Supervisor 9,Tenure (De 30 a 90 días),100.0,513.0,W19
Live Chat,Delivery,MX,Customer,modify phone number,Agent 181,Supervisor 15,Tenure (De 30 a 90 días),100.0,724.0,W19
Live Chat,Delivery,MX,Customer,rate another user,Agent 182,Supervisor 6,Tenure (De 3 a 6 Meses),100.0,1415.0,W19
Live Chat,Delivery,MX,Customer,cancel the order,Agent 139,Supervisor 3,Tenure (De 30 a 90 días),100.0,45.0,W19
Live Chat,Delivery,MX,Customer,membership program benefits,Agent 104,Supervisor 13,Tenure (De 3 a 6 Meses),100.0,919.0,W19
Live Chat,Delivery,CO,Customer,membership program renewal charge,Agent 96,Supervisor 6,Tenure (De 3 a 6 Meses),100.0,3070.0,W19
Live Chat,Delivery,MX,Customer,wrong order,Agent 111,Supervisor 3,Tenure (De 6 a 12 Meses),100.0,721.0,W19
Live Chat,Delivery,CO,Customer,Inedible order,Agent 183,Supervisor 3,Tenure (De 6 a 12 Meses),100.0,445.0,W19
Live Chat,Delivery,MX,Customer,User disagrees with cancellation charge/debt,Agent 184,Supervisor 11,Tenure (Mas de 1 año),100.0,367.0,W19
Live Chat,Delivery,MX,Customer,modify order products,Agent 66,Supervisor 4,Tenure (De 30 a 90 días),90.0,677.0,W19
Live Chat,Delivery,MX,Customer,modify phone number,Agent 79,Supervisor 4,Tenure (De 30 a 90 días),100.0,698.0,W19
Live Chat,Delivery,MX,Customer,order status & delays,Agent 114,Supervisor 3,Tenure (De 3 a 6 Meses),100.0,614.0,W19
Live Chat,Delivery,MX,Customer,Courier overcharged me,Agent 93,Supervisor 8,New hire,100.0,463.0,W19
Live Chat,Delivery,CO,Customer,Issues while paying to courier,Agent 173,Supervisor 1,Tenure (De 30 a 90 días),100.0,10.0,W19
Live Chat,Delivery,MX,Customer,membership program renewal charge,Agent 179,Supervisor 15,Tenure (De 6 a 12 Meses),100.0,593.0,W19
Live Chat,Delivery,MX,Customer,order status & delays,Agent 69,Supervisor 21,Tenure (De 30 a 90 días),100.0,1001.0,W19
Live Chat,Delivery,MX,Customer,didi pay balance & top up,Agent 185,Supervisor 14,Tenure (De 30 a 90 días),100.0,6.0,W19
Live Chat,Delivery,MX,Customer,Damaged order,Agent 26,Supervisor 13,Tenure (De 6 a 12 Meses),100.0,1817.0,W19
Live Chat,Delivery,MX,Customer,didi pay balance & top up,Agent 60,Supervisor 19,Tenure (De 30 a 90 días),100.0,1015.0,W19
Live Chat,Delivery,MX,Customer,didi pay balance & top up,Agent 170,Supervisor 6,Tenure (De 6 a 12 Meses),100.0,534.0,W19
Live Chat,Delivery,MX,Customer,User disagrees with cancellation charge/debt,Agent 186,Supervisor 20,New hire,100.0,390.0,W19
Live Chat,Delivery,MX,Customer,stalking,Agent 187,Supervisor 20,New hire,90.0,1648.0,W19
Live Chat,Delivery,CO,Customer,Driver or store request to cancel,Agent 188,Supervisor 24,Tenure (Mas de 1 año),100.0,953.0,W19
Live Chat,Delivery,MX,Customer,order appears as completed but customer haven't receive it - full service,Agent 82,Supervisor 11,Tenure (Mas de 1 año),90.0,288.0,W19
Live Chat,Delivery,MX,Customer,order status & delays,Agent 189,Supervisor 20,New hire,100.0,5.0,W19
Live Chat,Delivery,MX,Customer,membership program renewal charge,Agent 190,Supervisor 8,New hire,0.0,1607.0,W19
Live Chat,Delivery,MX,Customer,After sales user fraud (under anti fraud review),Agent 191,Supervisor 8,Tenure (De 30 a 90 días),100.0,342.0,W19
Live Chat,Delivery,MX,Customer,After sales user fraud (under anti fraud review),Agent 174,Supervisor 13,Tenure (De 6 a 12 Meses),100.0,44.0,W19
Live Chat,Delivery,MX,Customer,delete account,Agent 166,Supervisor 11,Tenure (Mas de 1 año),100.0,561.0,W19
Live Chat,Delivery,MX,Customer,modify order products,Agent 100,Supervisor 3,Tenure (De 30 a 90 días),100.0,127.0,W19
Live Chat,Delivery,MX,Customer,After sales user fraud (under anti fraud review),Agent 192,Supervisor 6,Tenure (De 30 a 90 días),100.0,814.0,W19
Live Chat,Delivery,MX,Customer,order appears as completed but customer haven't receive it - full service,Agent 193,Supervisor 6,Tenure (De 30 a 90 días),0.0,1538.0,W19
Live Chat,Delivery,MX,Customer,rate another user,Agent 67,Supervisor 1,Tenure (De 30 a 90 días),100.0,1613.0,W19
Live Chat,Delivery,MX,Customer,Issues while paying to courier,Agent 183,Supervisor 3,Tenure (De 6 a 12 Meses),100.0,542.0,W19
Live Chat,Delivery,MX,Customer,order invoice issues,Agent 130,Supervisor 8,New hire,100.0,584.0,W19
Live Chat,Delivery,MX,Customer,order is active but customer already received it,Agent 92,Supervisor 3,Tenure (De 30 a 90 días),100.0,555.0,W19
Live Chat,Delivery,MX,Customer,wrong order,Agent 116,Supervisor 3,Tenure (De 30 a 90 días),100.0,482.0,W19
Live Chat,Delivery,MX,Customer,membership program benefits,Agent 103,Supervisor 9,Tenure (De 3 a 6 Meses),100.0,1483.0,W19
Live Chat,Delivery,MX,Customer,order is active but customer already received it,Agent 121,Supervisor 3,Tenure (De 30 a 90 días),100.0,609.0,W19
Live Chat,Delivery,CO,Customer,Can't choose card as payment method (under antifraud review),Agent 106,Supervisor 7,Tenure (De 3 a 6 Meses),100.0,642.0,W19
Live Chat,Delivery,MX,Customer,Incomplete order,Agent 95,Supervisor 4,Tenure (De 30 a 90 días),100.0,648.0,W19
Live Chat,Delivery,CO,Customer,rate another user,Agent 162,Supervisor 8,New hire,100.0,1726.0,W19
Live Chat,Delivery,CO,Customer,Incomplete order,Agent 118,Supervisor 1,Tenure (De 30 a 90 días),100.0,202.0,W19
Live Chat,Delivery,MX,Customer,didi pay balance & top up,Agent 97,Supervisor 16,Tenure (De 30 a 90 días),0.0,569.0,W19
Live Chat,Delivery,MX,Customer,Driver or store request to cancel,Agent 171,Supervisor 20,New hire,90.0,387.0,W19
Live Chat,Delivery,CO,Customer,store promotions doubts,Agent 121,Supervisor 3,Tenure (De 30 a 90 días),100.0,1483.0,W19
Live Chat,Delivery,MX,Customer,Courier overcharged me,Agent 77,Supervisor 13,Tenure (De 30 a 90 días),100.0,514.0,W19
Live Chat,Delivery,MX,Customer,driver mismatch,Agent 153,Supervisor 12,Tenure (Mas de 1 año),100.0,887.0,W19
Live Chat,Delivery,MX,Customer,Bank Card Stolen (under antifraud review),Agent 64,Supervisor 1,Tenure (De 30 a 90 días),100.0,971.0,W19
Live Chat,Delivery,CO,Customer,Duplicated charge,Agent 70,Supervisor 7,Tenure (De 6 a 12 Meses),100.0,2197.0,W19
Live Chat,Delivery,CO,Customer,Duplicated charge,Agent 63,Supervisor 8,New hire,100.0,1411.0,W19
Live Chat,Delivery,MX,Customer,cancel the order,Agent 72,Supervisor 4,Tenure (De 30 a 90 días),100.0,375.0,W19
Live Chat,Delivery,MX,Customer,Courier overcharged me,Agent 194,Supervisor 24,Tenure (Mas de 1 año),100.0,1741.0,W19
Live Chat,Delivery,MX,Customer,order appears as completed but customer haven't receive it - full service,Agent 73,Supervisor 7,Tenure (De 3 a 6 Meses),100.0,432.0,W19
Live Chat,Delivery,MX,Customer,order status & delays,Agent 189,Supervisor 20,New hire,100.0,2033.0,W19
Live Chat,Delivery,CO,Customer,Courier overcharged me,Agent 186,Supervisor 20,New hire,90.0,576.0,W19
Live Chat,Delivery,MX,Customer,Courier overcharged me,Agent 195,Supervisor 13,Tenure (De 30 a 90 días),100.0,1477.0,W19
Live Chat,Delivery,MX,Customer,After sales user fraud (under anti fraud review),Agent 87,Supervisor 7,Tenure (De 3 a 6 Meses),100.0,663.0,W19
Live Chat,Delivery,CR,Customer,After sales user fraud (under anti fraud review),Agent 196,Supervisor 13,Tenure (De 30 a 90 días),100.0,886.0,W19
Live Chat,Delivery,CO,Customer,modify order products,Agent 69,Supervisor 21,Tenure (De 30 a 90 días),100.0,672.0,W19
Live Chat,Delivery,MX,Customer,payment methods available,Agent 173,Supervisor 1,Tenure (De 30 a 90 días),100.0,76.0,W19
Live Chat,Delivery,MX,Customer,apply coupon to pay an order(Non-AF),Agent 197,Supervisor 12,Tenure (Mas de 1 año),100.0,827.0,W19
Live Chat,Delivery,MX,Customer,order status & delays,Agent 167,Supervisor 8,Tenure (De 30 a 90 días),100.0,472.0,W19
Live Chat,Delivery,CO,Customer,Bank Card Stolen (under antifraud review),Agent 70,Supervisor 7,Tenure (De 6 a 12 Meses),100.0,2197.0,W19
Live Chat,Delivery,CO,Customer,rate another user,Agent 71,Supervisor 4,Tenure (De 30 a 90 días),100.0,646.0,W19
Live Chat,Delivery,MX,Customer,order status & delays,Agent 139,Supervisor 3,Tenure (De 30 a 90 días),100.0,547.0,W19
Live Chat,Delivery,MX,Customer,Bank Card Stolen (under antifraud review),Agent 198,Supervisor 13,Tenure (De 30 a 90 días),100.0,2360.0,W19
Live Chat,Delivery,MX,Customer,Incomplete order,Agent 153,Supervisor 12,Tenure (Mas de 1 año),100.0,1053.0,W19
Live Chat,Delivery,MX,Customer,Inedible order,Agent 122,Supervisor 4,Tenure (De 30 a 90 días),100.0,373.0,W19
Live Chat,Delivery,MX,Customer,other business line,Agent 199,Supervisor 12,Tenure (Mas de 1 año),100.0,101.0,W19
Live Chat,Delivery,CO,Customer,Courier overcharged me,Agent 158,Supervisor 16,Tenure (De 30 a 90 días),100.0,1087.0,W19
Live Chat,Delivery,PE,Customer,Inedible order,Agent 65,Supervisor 7,Tenure (De 3 a 6 Meses),90.0,457.0,W19
Live Chat,Delivery,MX,Customer,modify order products,Agent 175,Supervisor 3,Tenure (Mas de 1 año),0.0,426.0,W19
Live Chat,Delivery,CR,Customer,order appears as completed but customer haven't receive it - full service,Agent 157,Supervisor 8,New hire,100.0,4.0,W19
Live Chat,Delivery,MX,Customer,settle a pending offline payment,Agent 200,Supervisor 4,Tenure (De 30 a 90 días),100.0,584.0,W19
Live Chat,Delivery,MX,Customer,Duplicated charge,Agent 146,Supervisor 6,Tenure (De 6 a 12 Meses),100.0,494.0,W19
Live Chat,Delivery,CO,Customer,Issues while paying to courier,Agent 79,Supervisor 4,Tenure (De 30 a 90 días),100.0,373.0,W19
Live Chat,Delivery,PE,Customer,apply coupon to pay an order(Non-AF),Agent 121,Supervisor 3,Tenure (De 30 a 90 días),100.0,1524.0,W19
Live Chat,Delivery,MX,Customer,membership program benefits,Agent 62,Supervisor 20,New hire,100.0,1551.0,W19
Live Chat,Delivery,CO,Customer,membership program renewal charge,Agent 3,Supervisor 3,Tenure (De 3 a 6 Meses),100.0,1658.0,W19
Live Chat,Delivery,CO,Customer,Account Stolen (under antifraud review),Agent 201,Supervisor 25,Tenure (De 6 a 12 Meses),100.0,1871.0,W19
Live Chat,Delivery,CO,Customer,After sales user fraud (under anti fraud review),Agent 98,Supervisor 8,Tenure (De 30 a 90 días),100.0,402.0,W19
Live Chat,Delivery,CO,Customer,apply coupon to pay an order(Non-AF),Agent 135,Supervisor 12,Tenure (Mas de 1 año),100.0,809.0,W19
Live Chat,Delivery,MX,Customer,Issues while paying to courier,Agent 198,Supervisor 13,Tenure (De 30 a 90 días),100.0,555.0,W19
Live Chat,Delivery,MX,Customer,delivery verification code,Agent 175,Supervisor 3,Tenure (Mas de 1 año),100.0,1033.0,W19
Live Chat,Delivery,CO,Customer,order status & delays,Agent 102,Supervisor 20,New hire,0.0,1197.0,W19
Live Chat,Delivery,CO,Customer,driver mismatch,Agent 202,Supervisor 11,Tenure (Mas de 1 año),100.0,1545.0,W19
Live Chat,Delivery,MX,Customer,store promotions doubts,Agent 201,Supervisor 25,Tenure (De 6 a 12 Meses),100.0,771.0,W19
Live Chat,Delivery,MX,Customer,After sales user fraud (under anti fraud review),Agent 129,Supervisor 13,Tenure (De 30 a 90 días),100.0,599.0,W19
Live Chat,Delivery,MX,Customer,cancel the order,Agent 95,Supervisor 4,Tenure (De 30 a 90 días),100.0,540.0,W19
Live Chat,Delivery,MX,Customer,pick up order at store,Agent 77,Supervisor 13,Tenure (De 30 a 90 días),90.0,510.0,W19
Live Chat,Delivery,CO,Customer,settle a pending offline payment,Agent 161,Supervisor 13,Tenure (De 3 a 6 Meses),100.0,18.0,W19
Live Chat,Delivery,MX,Customer,verbal aggression,Agent 137,Supervisor 13,Tenure (De 30 a 90 días),80.0,978.0,W19
Live Chat,Delivery,MX,Customer,Can't choose card as payment method (under antifraud review),Agent 136,Supervisor 6,Tenure (De 3 a 6 Meses),100.0,547.0,W19
Live Chat,Delivery,CO,Customer,After sales user fraud (under anti fraud review),Agent 198,Supervisor 13,Tenure (De 30 a 90 días),100.0,353.0,W19
Live Chat,Delivery,CR,Customer,After sales user fraud (under anti fraud review),Agent 140,Supervisor 20,New hire,100.0,1151.0,W19
Live Chat,Delivery,MX,Customer,didi pay balance & top up,Agent 111,Supervisor 3,Tenure (De 6 a 12 Meses),100.0,1240.0,W19
Live Chat,Delivery,CO,Customer,Inedible order,Agent 68,Supervisor 3,Tenure (De 30 a 90 días),100.0,817.0,W19
Live Chat,Delivery,CO,Customer,food poisoning,Agent 125,Supervisor 6,Tenure (De 30 a 90 días),100.0,1598.0,W19
Live Chat,Delivery,CO,Customer,Duplicated charge,Agent 3,Supervisor 3,Tenure (De 3 a 6 Meses),100.0,627.0,W19
Live Chat,Delivery,MX,Customer,membership program renewal charge,Agent 201,Supervisor 25,Tenure (De 6 a 12 Meses),90.0,663.0,W19
Live Chat,Delivery,CO,Customer,membership program renewal charge,Agent 203,Supervisor 20,New hire,90.0,822.0,W19
Live Chat,Delivery,CO,Customer,delivery verification code,Agent 149,Supervisor 11,Tenure (Mas de 1 año),100.0,742.0,W19
Live Chat,Delivery,PE,Customer,rate another user,Agent 175,Supervisor 3,Tenure (Mas de 1 año),100.0,1238.0,W19
Live Chat,Delivery,MX,Customer,User disagrees with cancellation charge/debt,Agent 65,Supervisor 7,Tenure (De 3 a 6 Meses),90.0,1103.0,W19
Live Chat,Delivery,MX,Customer,Damaged order,Agent 3,Supervisor 3,Tenure (De 3 a 6 Meses),100.0,458.0,W19
Live Chat,Delivery,CR,Customer,Issues while paying to courier,Agent 88,Supervisor 6,Tenure (De 30 a 90 días),100.0,383.0,W19
Live Chat,Delivery,CO,Customer,store registration,Agent 91,Supervisor 3,Tenure (De 6 a 12 Meses),100.0,164.0,W19
Live Chat,Delivery,MX,Customer,modify or add address,Agent 120,Supervisor 20,New hire,100.0,1121.0,W19
Live Chat,Delivery,MX,Customer,order is active but customer already received it,Agent 101,Supervisor 8,Tenure (De 30 a 90 días),100.0,786.0,W19
Live Chat,Delivery,CO,Customer,placing an order information,Agent 165,Supervisor 20,New hire,100.0,728.0,W19
Live Chat,Delivery,CO,Customer,cannot place cash order (under antifraud review),Agent 96,Supervisor 6,Tenure (De 3 a 6 Meses),100.0,887.0,W19
Live Chat,Delivery,MX,Customer,membership program benefits,Agent 103,Supervisor 9,Tenure (De 3 a 6 Meses),100.0,906.0,W19
Live Chat,Delivery,MX,Customer,Inedible order,Agent 92,Supervisor 3,Tenure (De 30 a 90 días),100.0,728.0,W19
Live Chat,Delivery,CO,Customer,modify payment method,Agent 72,Supervisor 4,Tenure (De 30 a 90 días),100.0,552.0,W19
Live Chat,Delivery,MX,Customer,order status & delays,Agent 204,Supervisor 12,Tenure (Mas de 1 año),100.0,496.0,W19
Live Chat,Delivery,MX,Customer,cancel the order,Agent 137,Supervisor 13,Tenure (De 30 a 90 días),90.0,474.0,W19
Live Chat,Delivery,MX,Customer,placing an order information,Agent 205,Supervisor 13,Tenure (De 30 a 90 días),100.0,731.0,W19
Live Chat,Delivery,MX,Customer,order appears as completed but customer haven't receive it - full service,Agent 206,Supervisor 13,Tenure (De 30 a 90 días),100.0,493.0,W19
Live Chat,Delivery,MX,Customer,Partnerships information,Agent 58,Supervisor 8,New hire,100.0,1147.0,W19
Live Chat,Delivery,MX,Customer,payment methods available,Agent 68,Supervisor 3,Tenure (De 30 a 90 días),100.0,428.0,W19
Live Chat,Delivery,MX,Customer,inedible order,Agent 110,Supervisor 3,Tenure (De 30 a 90 días),100.0,824.0,W19
Live Chat,Delivery,CO,Customer,membership program renewal charge,Agent 85,Supervisor 1,Tenure (De 30 a 90 días),100.0,2264.0,W19
Live Chat,Delivery,MX,Customer,cannot use my coupon,Agent 91,Supervisor 3,Tenure (De 6 a 12 Meses),100.0,1232.0,W19
Live Chat,Delivery,MX,Customer,didi pay balance & top up,Agent 104,Supervisor 13,Tenure (De 3 a 6 Meses),100.0,438.0,W19
Live Chat,Delivery,MX,Customer,After sales user fraud (under anti fraud review),Agent 207,Supervisor 3,Tenure (De 30 a 90 días),100.0,438.0,W19
Live Chat,Delivery,MX,Customer,membership program benefits,Agent 202,Supervisor 11,Tenure (Mas de 1 año),90.0,1800.0,W19
Live Chat,Delivery,MX,Customer,pick up order at store,Agent 163,Supervisor 9,Tenure (De 3 a 6 Meses),100.0,98.0,W19
Live Chat,Delivery,CO,Customer,modify or add address,Agent 88,Supervisor 6,Tenure (De 30 a 90 días),100.0,558.0,W19
Live Chat,Delivery,CO,Customer,wrong order,Agent 175,Supervisor 3,Tenure (Mas de 1 año),100.0,1053.0,W19
Live Chat,Delivery,MX,Customer,Courier overcharged me,Agent 208,Supervisor 8,New hire,0.0,1241.0,W19
Live Chat,Delivery,MX,Customer,food poisoning,Agent 63,Supervisor 8,New hire,100.0,1677.0,W19
Live Chat,Delivery,MX,Customer,pick up order at store,Agent 200,Supervisor 4,Tenure (De 30 a 90 días),100.0,556.0,W19
Live Chat,Delivery,CO,Customer,terms and conditions,Agent 97,Supervisor 16,Tenure (De 30 a 90 días),100.0,1540.0,W19
Live Chat,Delivery,MX,Customer,After sales user fraud (under anti fraud review),Agent 209,Supervisor 13,Tenure (De 30 a 90 días),100.0,322.0,W19
Live Chat,Delivery,MX,Customer,membership program benefits,Agent 121,Supervisor 3,Tenure (De 30 a 90 días),90.0,1145.0,W19
Live Chat,Delivery,MX,Customer,Can't choose card as payment method (under antifraud review),Agent 69,Supervisor 21,Tenure (De 30 a 90 días),100.0,671.0,W19
Live Chat,Delivery,CO,Customer,order is active but customer already received it,Agent 186,Supervisor 20,New hire,100.0,224.0,W19
Live Chat,Delivery,MX,Customer,Courier overcharged me,Agent 126,Supervisor 19,Tenure (De 30 a 90 días),100.0,645.0,W19
Live Chat,Delivery,MX,Customer,Courier overcharged me,Agent 125,Supervisor 6,Tenure (De 30 a 90 días),100.0,429.0,W19
Live Chat,Delivery,MX,Customer,Issues while paying to courier,Agent 61,Supervisor 3,Tenure (De 30 a 90 días),100.0,606.0,W19
Live Chat,Delivery,CO,Customer,apply coupon to pay an order(Non-AF),Agent 127,Supervisor 9,Tenure (De 3 a 6 Meses),100.0,546.0,W19
Live Chat,Delivery,MX,Customer,membership program renewal charge,Agent 210,Supervisor 4,Tenure (De 3 a 6 Meses),100.0,1080.0,W19
Live Chat,Delivery,MX,Customer,Can't choose card as payment method (under antifraud review),Agent 94,Supervisor 13,Tenure (De 30 a 90 días),100.0,965.0,W19
Live Chat,Delivery,CO,Customer,Incomplete order,Agent 64,Supervisor 1,Tenure (De 30 a 90 días),100.0,1203.0,W19
Live Chat,Delivery,CR,Customer,cannot use my coupon (under antifraud review),Agent 75,Supervisor 3,Tenure (De 30 a 90 días),100.0,1157.0,W19
Live Chat,Delivery,MX,Customer,membership program renewal charge,Agent 173,Supervisor 1,Tenure (De 30 a 90 días),100.0,501.0,W19
Live Chat,Delivery,MX,Customer,Issues while paying to courier,Agent 203,Supervisor 20,New hire,90.0,154.0,W19
Live Chat,Delivery,MX,Customer,cannot place cash order (under antifraud review),Agent 114,Supervisor 3,Tenure (De 3 a 6 Meses),100.0,93.0,W19
Live Chat,Delivery,MX,Customer,Bank Card Stolen (under antifraud review),Agent 195,Supervisor 13,Tenure (De 30 a 90 días),100.0,814.0,W19
Live Chat,Delivery,MX,Customer,Issues while paying to courier,Agent 122,Supervisor 4,Tenure (De 30 a 90 días),100.0,880.0,W19
Live Chat,Delivery,MX,Customer,Online payment failure (under antifraud review),Agent 157,Supervisor 8,New hire,100.0,454.0,W19
Live Chat,Delivery,MX,Customer,membership program benefits,Agent 73,Supervisor 7,Tenure (De 3 a 6 Meses),100.0,1173.0,W19
Live Chat,Delivery,MX,Customer,order status & delays,Agent 62,Supervisor 20,New hire,100.0,1507.0,W19
Live Chat,Delivery,MX,Customer,rate another user,Agent 72,Supervisor 4,Tenure (De 30 a 90 días),100.0,416.0,W19
Live Chat,Delivery,MX,Customer,order appears as completed but customer haven't receive it - full service,Agent 195,Supervisor 13,Tenure (De 30 a 90 días),100.0,379.0,W19
Live Chat,Delivery,MX,Customer,placing an order information,Agent 92,Supervisor 3,Tenure (De 30 a 90 días),100.0,877.0,W19
Live Chat,Delivery,MX,Customer,Incomplete order,Agent 64,Supervisor 1,Tenure (De 30 a 90 días),90.0,1203.0,W19
Live Chat,Delivery,MX,Customer,delivery fee information,Agent 206,Supervisor 13,Tenure (De 30 a 90 días),100.0,49.0,W19
Live Chat,Delivery,MX,Customer,membership program renewal charge,Agent 136,Supervisor 6,Tenure (De 3 a 6 Meses),100.0,340.0,W19
Live Chat,Delivery,MX,Customer,Partnerships information,Agent 196,Supervisor 13,Tenure (De 30 a 90 días),100.0,881.0,W19
Live Chat,Delivery,CO,Customer,order appears as completed but customer haven't receive it - full service,Agent 72,Supervisor 4,Tenure (De 30 a 90 días),100.0,461.0,W19
Live Chat,Delivery,MX,Customer,order appears as completed but customer haven't receive it - full service,Agent 158,Supervisor 16,Tenure (De 30 a 90 días),100.0,794.0,W19
Live Chat,Delivery,MX,Customer,Issues while paying to courier,Agent 138,Supervisor 20,New hire,100.0,0.0,W19
Live Chat,Delivery,MX,Customer,Courier overcharged me,Agent 130,Supervisor 8,New hire,100.0,1186.0,W19
Live Chat,Delivery,PE,Customer,didi pay balance & top up,Agent 208,Supervisor 8,New hire,100.0,1632.0,W19
Live Chat,Delivery,MX,Customer,Can't choose card as payment method (under antifraud review),Agent 13,Supervisor 10,Tenure (De 30 a 90 días),100.0,682.0,W19
Live Chat,Delivery,CO,Customer,inedible order,Agent 200,Supervisor 4,Tenure (De 30 a 90 días),100.0,713.0,W19
Live Chat,Delivery,MX,Customer,order appears as completed but customer haven't receive it - full service,Agent 142,Supervisor 6,Tenure (De 6 a 12 Meses),100.0,856.0,W19
Live Chat,Delivery,CO,Customer,Incomplete order,Agent 13,Supervisor 10,Tenure (De 30 a 90 días),100.0,645.0,W19
Live Chat,Delivery,MX,Customer,Inedible order,Agent 71,Supervisor 4,Tenure (De 30 a 90 días),100.0,517.0,W19
Live Chat,Delivery,MX,Customer,rate another user,Agent 211,Supervisor 22,New hire,100.0,794.0,W19
Live Chat,Delivery,MX,Customer,Can't choose card as payment method (under antifraud review),Agent 63,Supervisor 8,New hire,100.0,12.0,W19
Live Chat,Delivery,CO,Customer,didi pay balance & top up,Agent 24,Supervisor 3,Tenure (De 3 a 6 Meses),100.0,34.0,W19
Live Chat,Delivery,CO,Customer,Inedible order,Agent 98,Supervisor 8,Tenure (De 30 a 90 días),100.0,633.0,W19
Live Chat,Delivery,CO,Customer,driver mismatch,Agent 150,Supervisor 6,Tenure (De 30 a 90 días),100.0,1712.0,W19
Live Chat,Delivery,CO,Customer,Online payment failure (under antifraud review),Agent 112,Supervisor 24,Tenure (Mas de 1 año),0.0,986.0,W19
Live Chat,Delivery,CO,Customer,cancel the order,Agent 197,Supervisor 12,Tenure (Mas de 1 año),100.0,63.0,W19
Live Chat,Delivery,MX,Customer,cannot place cash order (under antifraud review),Agent 87,Supervisor 7,Tenure (De 3 a 6 Meses),100.0,509.0,W19
Live Chat,Delivery,MX,Customer,other business line,Agent 180,Supervisor 9,Tenure (De 30 a 90 días),100.0,376.0,W19
Live Chat,Delivery,MX,Customer,payment methods available,Agent 152,Supervisor 11,Tenure (Mas de 1 año),90.0,425.0,W19
Live Chat,Delivery,MX,Customer,Courier overcharged me,Agent 99,Supervisor 22,New hire,0.0,2578.0,W19
Live Chat,Delivery,MX,Customer,Damaged order,Agent 138,Supervisor 20,New hire,100.0,508.0,W19
Live Chat,Delivery,PE,Customer,After sales user fraud (under anti fraud review),Agent 139,Supervisor 3,Tenure (De 30 a 90 días),100.0,739.0,W19
Live Chat,Delivery,MX,Customer,didi pay balance & top up,Agent 192,Supervisor 6,Tenure (De 30 a 90 días),100.0,1571.0,W19
Live Chat,Delivery,PE,Customer,Can't choose card as payment method (under antifraud review),Agent 91,Supervisor 3,Tenure (De 6 a 12 Meses),90.0,983.0,W19
Live Chat,Delivery,CO,Customer,Duplicated charge,Agent 127,Supervisor 9,Tenure (De 3 a 6 Meses),100.0,926.0,W19
Live Chat,Delivery,MX,Customer,Issues while paying to courier,Agent 150,Supervisor 6,Tenure (De 30 a 90 días),100.0,61.0,W19
Live Chat,Delivery,MX,Customer,Online payment failure (under antifraud review),Agent 62,Supervisor 20,New hire,100.0,1293.0,W19
Live Chat,Delivery,CO,Customer,driver mismatch,Agent 177,Supervisor 20,New hire,100.0,1493.0,W19
Live Chat,Delivery,MX,Customer,Incomplete order,Agent 110,Supervisor 3,Tenure (De 30 a 90 días),100.0,557.0,W19
Live Chat,Delivery,MX,Customer,Bank Card Stolen (under antifraud review),Agent 193,Supervisor 6,Tenure (De 30 a 90 días),90.0,1837.0,W19
Live Chat,Delivery,MX,Customer,order appears as completed but customer haven't receive it - full service,Agent 94,Supervisor 13,Tenure (De 30 a 90 días),100.0,751.0,W19
Live Chat,Delivery,MX,Customer,access to personal data,Agent 212,Supervisor 11,Tenure (Mas de 1 año),100.0,1416.0,W19
Live Chat,Delivery,CO,Customer,Account Stolen (under antifraud review),Agent 96,Supervisor 6,Tenure (De 3 a 6 Meses),100.0,3070.0,W19
Live Chat,Delivery,PE,Customer,After sales user fraud (under anti fraud review),Agent 100,Supervisor 3,Tenure (De 30 a 90 días),100.0,1572.0,W19
Live Chat,Delivery,CR,Customer,User disagrees with cancellation charge/debt,Agent 213,Supervisor 20,New hire,100.0,1772.0,W19
Live Chat,Delivery,MX,Customer,membership program renewal charge,Agent 179,Supervisor 15,Tenure (De 6 a 12 Meses),100.0,512.0,W19
Live Chat,Delivery,CO,Customer,cannot place cash order (under antifraud review),Agent 137,Supervisor 13,Tenure (De 30 a 90 días),90.0,407.0,W19
Live Chat,Delivery,MX,Customer,driver or store request to cancel,Agent 101,Supervisor 8,Tenure (De 30 a 90 días),100.0,606.0,W19
Live Chat,Delivery,MX,Customer,order is active but customer already received it,Agent 113,Supervisor 3,Tenure (De 6 a 12 Meses),100.0,679.0,W19
Live Chat,Delivery,MX,Customer,Courier overcharged me,Agent 120,Supervisor 20,New hire,100.0,1697.0,W19
Live Chat,Delivery,CO,Customer,cannot place cash order (under antifraud review),Agent 93,Supervisor 8,New hire,100.0,1230.0,W19
Live Chat,Delivery,MX,Customer,Courier overcharged me,Agent 79,Supervisor 4,Tenure (De 30 a 90 días),100.0,646.0,W19
Live Chat,Delivery,MX,Customer,didi pay balance & top up,Agent 67,Supervisor 1,Tenure (De 30 a 90 días),90.0,347.0,W19
Live Chat,Delivery,MX,Customer,Can't choose card as payment method (under antifraud review),Agent 73,Supervisor 7,Tenure (De 3 a 6 Meses),100.0,245.0,W19
Live Chat,Delivery,MX,Customer,didi pay balance & top up,Agent 74,Supervisor 6,Tenure (De 30 a 90 días),0.0,1473.0,W19
Live Chat,Delivery,MX,Customer,other business line,Agent 200,Supervisor 4,Tenure (De 30 a 90 días),100.0,639.0,W19
Live Chat,Delivery,CO,Customer,Bank Card Stolen (under antifraud review),Agent 129,Supervisor 13,Tenure (De 30 a 90 días),100.0,3448.0,W19
Live Chat,Delivery,MX,Customer,membership program renewal charge,Agent 117,Supervisor 12,Tenure (De 6 a 12 Meses),100.0,229.0,W19
Live Chat,Delivery,MX,Customer,membership program renewal charge,Agent 214,Supervisor 15,Tenure (De 30 a 90 días),100.0,211.0,W19
Live Chat,Delivery,MX,Customer,Courier overcharged me,Agent 105,Supervisor 6,Tenure (De 6 a 12 Meses),100.0,426.0,W19
Live Chat,Delivery,MX,Customer,Inedible order,Agent 26,Supervisor 13,Tenure (De 6 a 12 Meses),100.0,593.0,W19
Live Chat,Delivery,MX,Customer,store promotions doubts,Agent 135,Supervisor 12,Tenure (Mas de 1 año),0.0,786.0,W19
Live Chat,Delivery,MX,Customer,Inedible order,Agent 26,Supervisor 13,Tenure (De 6 a 12 Meses),100.0,530.0,W19
Live Chat,Delivery,MX,Customer,cannot place cash order (under antifraud review),Agent 185,Supervisor 14,Tenure (De 30 a 90 días),100.0,1582.0,W19
Live Chat,Delivery,MX,Customer,After sales user fraud (under anti fraud review),Agent 157,Supervisor 8,New hire,100.0,648.0,W19
Live Chat,Delivery,CO,Customer,Duplicated charge,Agent 162,Supervisor 8,New hire,100.0,896.0,W19
Live Chat,Delivery,CO,Customer,Can't choose card as payment method (under antifraud review),Agent 208,Supervisor 8,New hire,100.0,1197.0,W19
Live Chat,Delivery,MX,Customer,Incomplete order,Agent 103,Supervisor 9,Tenure (De 3 a 6 Meses),100.0,261.0,W19
Live Chat,Delivery,MX,Customer,cannot place cash order (under antifraud review),Agent 147,Supervisor 7,Tenure (De 6 a 12 Meses),90.0,1640.0,W19
Live Chat,Delivery,CR,Customer,order status & delays,Agent 200,Supervisor 4,Tenure (De 30 a 90 días),100.0,1246.0,W19
Live Chat,Delivery,MX,Customer,Can't choose card as payment method (under antifraud review),Agent 115,Supervisor 14,Tenure (De 30 a 90 días),100.0,1529.0,W19
Live Chat,Delivery,MX,Customer,modify order products,Agent 65,Supervisor 7,Tenure (De 3 a 6 Meses),100.0,278.0,W19
Live Chat,Delivery,MX,Customer,Courier overcharged me,Agent 83,Supervisor 7,Tenure (De 30 a 90 días),100.0,773.0,W19
Live Chat,Delivery,MX,Customer,Damaged order,Agent 3,Supervisor 3,Tenure (De 3 a 6 Meses),0.0,490.0,W19
Live Chat,Delivery,CO,Customer,membership program benefits,Agent 132,Supervisor 12,Tenure (Mas de 1 año),100.0,1002.0,W19
Live Chat,Delivery,CO,Customer,apply coupon to pay an order(Non-AF),Agent 150,Supervisor 6,Tenure (De 30 a 90 días),100.0,506.0,W19
Live Chat,Delivery,CO,Customer,inedible order,Agent 3,Supervisor 3,Tenure (De 3 a 6 Meses),100.0,279.0,W19
Live Chat,Delivery,MX,Customer,membership program renewal charge,Agent 107,Supervisor 1,Tenure (De 30 a 90 días),100.0,0.0,W19
Live Chat,Delivery,MX,Customer,modify phone number,Agent 159,Supervisor 20,New hire,100.0,935.0,W19
Live Chat,Delivery,MX,Customer,order is active but customer already received it,Agent 209,Supervisor 13,Tenure (De 30 a 90 días),100.0,397.0,W19
Live Chat,Delivery,MX,Customer,Online payment failure (under antifraud review),Agent 169,Supervisor 4,Tenure (De 30 a 90 días),100.0,1276.0,W19
Live Chat,Delivery,MX,Customer,cannot place cash order (under antifraud review),Agent 131,Supervisor 3,Tenure (De 30 a 90 días),100.0,398.0,W19
Live Chat,Delivery,MX,Customer,delivery verification code,Agent 94,Supervisor 13,Tenure (De 30 a 90 días),100.0,832.0,W19
Live Chat,Delivery,CO,Customer,store registration,Agent 133,Supervisor 13,Tenure (De 30 a 90 días),100.0,363.0,W19
Live Chat,Delivery,MX,Customer,Damaged order,Agent 69,Supervisor 21,Tenure (De 30 a 90 días),100.0,662.0,W19
Live Chat,Delivery,CO,Customer,Incomplete order,Agent 118,Supervisor 1,Tenure (De 30 a 90 días),100.0,785.0,W19
Live Chat,Delivery,CR,Customer,Online payment failure (under antifraud review),Agent 57,Supervisor 7,Tenure (De 3 a 6 Meses),100.0,1815.0,W19
Live Chat,Delivery,MX,Customer,order status & delays,Agent 72,Supervisor 4,Tenure (De 30 a 90 días),100.0,1078.0,W19
Live Chat,Delivery,MX,Customer,order status & delays,Agent 72,Supervisor 4,Tenure (De 30 a 90 días),100.0,1278.0,W19
Live Chat,Delivery,MX,Customer,Bank Card Stolen (under antifraud review),Agent 68,Supervisor 3,Tenure (De 30 a 90 días),100.0,1233.0,W19
Live Chat,Delivery,CR,Customer,cannot place cash order (under antifraud review),Agent 119,Supervisor 9,Tenure (De 30 a 90 días),100.0,616.0,W19
Live Chat,Delivery,CO,Customer,Inedible order,Agent 189,Supervisor 20,New hire,100.0,1528.0,W19
Live Chat,Delivery,CR,Customer,modify order products,Agent 116,Supervisor 3,Tenure (De 30 a 90 días),100.0,159.0,W19
Live Chat,Delivery,MX,Customer,verification fee information,Agent 146,Supervisor 6,Tenure (De 6 a 12 Meses),100.0,1098.0,W19
Live Chat,Delivery,MX,Customer,Damaged order,Agent 68,Supervisor 3,Tenure (De 30 a 90 días),100.0,655.0,W19
Live Chat,Delivery,CO,Customer,delivery verification code,Agent 215,Supervisor 8,New hire,100.0,23.0,W19
Live Chat,Delivery,CO,Customer,payment methods available,Agent 169,Supervisor 4,Tenure (De 30 a 90 días),100.0,498.0,W19
Live Chat,Delivery,MX,Customer,Inedible order,Agent 89,Supervisor 6,Tenure (De 30 a 90 días),100.0,308.0,W19
Live Chat,Delivery,MX,Customer,Account Stolen (under antifraud review),Agent 178,Supervisor 4,Tenure (De 30 a 90 días),100.0,1537.0,W19
Live Chat,Delivery,MX,Customer,didi pay balance & top up,Agent 199,Supervisor 12,Tenure (Mas de 1 año),100.0,159.0,W19
Live Chat,Delivery,MX,Customer,Can't choose card as payment method (under antifraud review),Agent 172,Supervisor 4,Tenure (De 30 a 90 días),100.0,1247.0,W19
Live Chat,Delivery,CO,Customer,inedible order,Agent 80,Supervisor 3,Tenure (De 30 a 90 días),100.0,547.0,W19
Live Chat,Delivery,MX,Customer,placing an order information,Agent 117,Supervisor 12,Tenure (De 6 a 12 Meses),100.0,279.0,W19
Live Chat,Delivery,MX,Customer,membership program renewal charge,Agent 190,Supervisor 8,New hire,100.0,1037.0,W19
Live Chat,Delivery,CO,Customer,Bank Card Stolen (under antifraud review),Agent 122,Supervisor 4,Tenure (De 30 a 90 días),100.0,1082.0,W19
Live Chat,Delivery,CO,Customer,Bank Card Stolen (under antifraud review),Agent 208,Supervisor 8,New hire,100.0,103.0,W19
Live Chat,Delivery,MX,Customer,cannot place cash order (under antifraud review),Agent 183,Supervisor 3,Tenure (De 6 a 12 Meses),100.0,673.0,W19
Live Chat,Delivery,MX,Customer,other business line,Agent 201,Supervisor 25,Tenure (De 6 a 12 Meses),100.0,157.0,W19
Live Chat,Delivery,MX,Customer,After sales user fraud (under anti fraud review),Agent 163,Supervisor 9,Tenure (De 3 a 6 Meses),100.0,399.0,W19
Live Chat,Delivery,MX,Customer,Courier overcharged me,Agent 61,Supervisor 3,Tenure (De 30 a 90 días),100.0,225.0,W19
Live Chat,Delivery,MX,Customer,incomplete order,Agent 62,Supervisor 20,New hire,100.0,1118.0,W19
Live Chat,Delivery,MX,Customer,After sales user fraud (under anti fraud review),Agent 195,Supervisor 13,Tenure (De 30 a 90 días),100.0,191.0,W19
Live Chat,Delivery,PE,Customer,Damaged order,Agent 3,Supervisor 3,Tenure (De 3 a 6 Meses),100.0,587.0,W19
Live Chat,Delivery,MX,Customer,Courier overcharged me,Agent 75,Supervisor 3,Tenure (De 30 a 90 días),100.0,736.0,W19
Live Chat,Delivery,MX,Customer,order status & delays,Agent 69,Supervisor 21,Tenure (De 30 a 90 días),100.0,341.0,W19
Live Chat,Delivery,CO,Customer,order appears as completed but customer haven't receive it - full service,Agent 59,Supervisor 7,Tenure (De 30 a 90 días),100.0,1228.0,W19
Live Chat,Delivery,CO,Customer,membership program benefits,Agent 205,Supervisor 13,Tenure (De 30 a 90 días),100.0,652.0,W19
Live Chat,Delivery,CO,Customer,rate another user,Agent 124,Supervisor 4,Tenure (De 30 a 90 días),100.0,1251.0,W19
Live Chat,Delivery,MX,Customer,store promotions doubts,Agent 200,Supervisor 4,Tenure (De 30 a 90 días),100.0,1416.0,W19
Live Chat,Delivery,CO,Customer,Damaged order,Agent 3,Supervisor 3,Tenure (De 3 a 6 Meses),100.0,476.0,W19
Live Chat,Delivery,MX,Customer,order is active but customer already received it,Agent 172,Supervisor 4,Tenure (De 30 a 90 días),0.0,780.0,W19
Live Chat,Delivery,MX,Customer,modify phone number,Agent 180,Supervisor 9,Tenure (De 30 a 90 días),100.0,923.0,W19
Live Chat,Delivery,MX,Customer,order status & delays,Agent 89,Supervisor 6,Tenure (De 30 a 90 días),100.0,9.0,W19
Live Chat,Delivery,CO,Customer,wrong order,Agent 116,Supervisor 3,Tenure (De 30 a 90 días),100.0,427.0,W19
Live Chat,Delivery,MX,Customer,cannot use my coupon (under antifraud review),Agent 171,Supervisor 20,New hire,0.0,1104.0,W19
Live Chat,Delivery,MX,Customer,verification fee information,Agent 85,Supervisor 1,Tenure (De 30 a 90 días),100.0,559.0,W19
Live Chat,Delivery,PE,Customer,cannot place cash order (under antifraud review),Agent 109,Supervisor 20,New hire,90.0,1885.0,W19
Live Chat,Delivery,MX,Customer,payment methods available,Agent 57,Supervisor 7,Tenure (De 3 a 6 Meses),0.0,225.0,W19
Live Chat,Delivery,MX,Customer,store promotions doubts,Agent 88,Supervisor 6,Tenure (De 30 a 90 días),100.0,746.0,W19
Live Chat,Delivery,CO,Customer,After sales user fraud (under anti fraud review),Agent 116,Supervisor 3,Tenure (De 30 a 90 días),100.0,503.0,W19
Live Chat,Delivery,MX,Customer,Inedible order,Agent 62,Supervisor 20,New hire,0.0,2286.0,W19
Live Chat,Delivery,MX,Customer,rate another user,Agent 160,Supervisor 8,Tenure (De 30 a 90 días),100.0,920.0,W19
Live Chat,Delivery,MX,Customer,Can't choose card as payment method (under antifraud review),Agent 161,Supervisor 13,Tenure (De 3 a 6 Meses),90.0,146.0,W19
Live Chat,Delivery,MX,Customer,Can't choose card as payment method (under antifraud review),Agent 147,Supervisor 7,Tenure (De 6 a 12 Meses),100.0,444.0,W19
Live Chat,Delivery,MX,Customer,wrong order,Agent 175,Supervisor 3,Tenure (Mas de 1 año),100.0,496.0,W19
Live Chat,Delivery,CR,Customer,order appears as completed but customer haven't receive it - full service,Agent 189,Supervisor 20,New hire,100.0,5246.0,W19
Live Chat,Delivery,CO,Customer,wrong order,Agent 65,Supervisor 7,Tenure (De 3 a 6 Meses),100.0,296.0,W19
Live Chat,Delivery,MX,Customer,didi pay balance & top up,Agent 182,Supervisor 6,Tenure (De 3 a 6 Meses),100.0,401.0,W19
Live Chat,Delivery,MX,Customer,membership program renewal charge,Agent 185,Supervisor 14,Tenure (De 30 a 90 días),100.0,996.0,W19
Live Chat,Delivery,MX,Customer,order status & delays,Agent 124,Supervisor 4,Tenure (De 30 a 90 días),100.0,1049.0,W19
Live Chat,Delivery,MX,Customer,apply coupon to pay an order(Non-AF),Agent 103,Supervisor 9,Tenure (De 3 a 6 Meses),100.0,347.0,W19
Live Chat,Delivery,CO,Customer,Duplicated charge,Agent 177,Supervisor 20,New hire,100.0,1738.0,W19
Live Chat,Delivery,CO,Customer,delete account,Agent 190,Supervisor 8,New hire,90.0,1578.0,W19
Live Chat,Delivery,MX,Customer,modify phone number,Agent 114,Supervisor 3,Tenure (De 3 a 6 Meses),100.0,1522.0,W19
Live Chat,Delivery,MX,Customer,order appears as completed but customer haven't receive it - full service,Agent 216,Supervisor 20,New hire,100.0,1071.0,W19
Live Chat,Delivery,MX,Customer,rate another user,Agent 168,Supervisor 4,Tenure (De 30 a 90 días),100.0,1503.0,W19
Live Chat,Delivery,MX,Customer,refund status and conditions,Agent 210,Supervisor 4,Tenure (De 3 a 6 Meses),100.0,1828.0,W19
Live Chat,Delivery,MX,Customer,order status & delays,Agent 164,Supervisor 4,Tenure (De 30 a 90 días),100.0,1704.0,W19
Live Chat,Delivery,MX,Customer,Bank Card Stolen (under antifraud review),Agent 130,Supervisor 8,New hire,100.0,295.0,W19
Live Chat,Delivery,MX,Customer,Incomplete order,Agent 112,Supervisor 24,Tenure (Mas de 1 año),100.0,2737.0,W19
Live Chat,Delivery,CR,Customer,Incomplete order,Agent 111,Supervisor 3,Tenure (De 6 a 12 Meses),100.0,2232.0,W19
Live Chat,Delivery,MX,Customer,Inedible order,Agent 121,Supervisor 3,Tenure (De 30 a 90 días),100.0,724.0,W19
Live Chat,Delivery,MX,Customer,Can't choose card as payment method (under antifraud review),Agent 88,Supervisor 6,Tenure (De 30 a 90 días),100.0,816.0,W19
Live Chat,Delivery,MX,Customer,order status & delays,Agent 98,Supervisor 8,Tenure (De 30 a 90 días),100.0,166.0,W19
Live Chat,Delivery,MX,Customer,wrong order,Agent 3,Supervisor 3,Tenure (De 3 a 6 Meses),100.0,655.0,W19
Live Chat,Delivery,MX,Customer,Can't choose card as payment method (under antifraud review),Agent 79,Supervisor 4,Tenure (De 30 a 90 días),100.0,422.0,W19
Live Chat,Delivery,CO,Customer,After sales user fraud (under anti fraud review),Agent 110,Supervisor 3,Tenure (De 30 a 90 días),100.0,1307.0,W19
Live Chat,Delivery,CO,Customer,order is active but customer already received it,Agent 164,Supervisor 4,Tenure (De 30 a 90 días),100.0,426.0,W19
Live Chat,Delivery,MX,Customer,order appears as completed but customer haven't receive it - full service,Agent 61,Supervisor 3,Tenure (De 30 a 90 días),100.0,1237.0,W19
Live Chat,Delivery,MX,Customer,User disagrees with cancellation charge/debt,Agent 213,Supervisor 20,New hire,100.0,1405.0,W19
Live Chat,Delivery,MX,Customer,food poisoning,Agent 119,Supervisor 9,Tenure (De 30 a 90 días),100.0,746.0,W19
Live Chat,Delivery,MX,Customer,refund status and conditions,Agent 179,Supervisor 15,Tenure (De 6 a 12 Meses),100.0,729.0,W19
Live Chat,Delivery,CO,Customer,Incomplete order,Agent 62,Supervisor 20,New hire,100.0,1135.0,W19
Live Chat,Delivery,MX,Customer,Damaged order,Agent 172,Supervisor 4,Tenure (De 30 a 90 días),100.0,785.0,W19
Live Chat,Delivery,CO,Customer,order appears as completed but customer haven't receive it - full service,Agent 83,Supervisor 7,Tenure (De 30 a 90 días),100.0,713.0,W19
Live Chat,Delivery,CO,Customer,membership program renewal charge,Agent 182,Supervisor 6,Tenure (De 3 a 6 Meses),100.0,897.0,W19
Live Chat,Delivery,MX,Customer,Courier overcharged me,Agent 170,Supervisor 6,Tenure (De 6 a 12 Meses),100.0,556.0,W19
Phone,Delivery,MX,Customer,Order appears as completed but customer haven't receive it - full service,Agent 144,Supervisor 13,Tenure (De 6 a 12 Meses),100.0,57.0,W20
Phone,Delivery,CO,Customer,User disagrees with cancellation charge/debt,Agent 217,Supervisor 12,Tenure (Mas de 1 año),90.0,87.0,W20
Phone,Delivery,MX,Customer,Apply coupon to pay an order(non-af),Agent 10,Supervisor 4,Tenure (De 6 a 12 Meses),90.0,53.0,W20
Phone,Delivery,MX,Customer,Cancel the order,Agent 18,Supervisor 4,Tenure (De 6 a 12 Meses),100.0,62.0,W20
Phone,Delivery,MX,Customer,Damaged order,Agent 218,Supervisor 10,Tenure (De 30 a 90 días),90.0,8.0,W20
Phone,Delivery,CO,Customer,Cancel the order,Agent 10,Supervisor 4,Tenure (De 6 a 12 Meses),90.0,105.0,W20
Phone,Delivery,MX,Customer,Membership program renewal charge,Agent 35,Supervisor 1,Tenure (De 6 a 12 Meses),90.0,8.0,W20
Phone,Delivery,MX,Customer,Membership program benefits,Agent 219,Supervisor 4,Tenure (De 3 a 6 Meses),100.0,165.0,W20
Phone,Delivery,MX,Customer,Wrong order,Agent 18,Supervisor 4,Tenure (De 6 a 12 Meses),90.0,94.0,W20
Phone,Delivery,MX,Customer,Driver mismatch,Agent 27,Supervisor 7,Tenure (De 3 a 6 Meses),100.0,8.0,W20
Phone,Delivery,MX,Customer,Cannot share my referral promocode (under antifraud review),Agent 220,Supervisor 12,Tenure (Mas de 1 año),100.0,61.0,W20
Phone,Delivery,CO,Customer,Refund status and conditions,Agent 51,Supervisor 9,Tenure (De 6 a 12 Meses),100.0,96.0,W20
Phone,Delivery,CO,Customer,Cancel the order,Agent 10,Supervisor 4,Tenure (De 6 a 12 Meses),100.0,43.0,W20
Phone,Delivery,MX,Customer,Damaged order,Agent 1,Supervisor 1,Tenure (De 3 a 6 Meses),90.0,50.0,W20
Phone,Delivery,MX,Customer,Order appears as completed but customer haven't receive it - full service,Agent 19,Supervisor 7,Tenure (De 6 a 12 Meses),0.0,63.0,W20
Phone,Delivery,MX,Customer,Order appears as completed but customer haven't receive it - full service,Agent 45,Supervisor 9,Tenure (De 6 a 12 Meses),90.0,85.0,W20
Phone,Delivery,MX,Customer,Damaged order,Agent 218,Supervisor 10,Tenure (De 30 a 90 días),90.0,8.0,W20
Phone,Delivery,CO,Customer,Cancel the order,Agent 27,Supervisor 7,Tenure (De 3 a 6 Meses),0.0,66.0,W20
Phone,Delivery,MX,Customer,Refund status and conditions,Agent 14,Supervisor 11,Tenure (Mas de 1 año),100.0,124.0,W20
Phone,Delivery,CR,Customer,Duplicated charge,Agent 113,Supervisor 3,Tenure (De 6 a 12 Meses),100.0,143.0,W20
Phone,Delivery,MX,Customer,Order appears as completed but customer haven't receive it - full service,Agent 221,Supervisor 11,Tenure (Mas de 1 año),0.0,83.0,W20
Phone,Delivery,CO,Customer,Cancel the order,Agent 55,Supervisor 11,Tenure (De 6 a 12 Meses),100.0,61.0,W20
Phone,Delivery,CO,Customer,User disagrees with cancellation charge/debt-groceries,Agent 46,Supervisor 15,Tenure (De 6 a 12 Meses),100.0,62.0,W20
Phone,Delivery,MX,Customer,Refund status and conditions,Agent 32,Supervisor 9,Tenure (De 6 a 12 Meses),100.0,63.0,W20
Phone,Delivery,MX,Customer,Refund status and conditions,Agent 44,Supervisor 7,Tenure (De 30 a 90 días),100.0,75.0,W20
Phone,Delivery,CO,Customer,Invalid contact,Agent 28,Supervisor 9,Tenure (De 6 a 12 Meses),100.0,20.0,W20
Phone,Delivery,MX,Customer,Wrong order,Agent 222,Supervisor 25,Tenure (De 6 a 12 Meses),90.0,62.0,W20
Phone,Delivery,MX,Customer,Other business line,Agent 31,Supervisor 4,Tenure (De 6 a 12 Meses),100.0,109.0,W20
Phone,Delivery,MX,Customer,Order appears as completed but customer haven't receive it - full service,Agent 20,Supervisor 10,Tenure (De 30 a 90 días),90.0,8.0,W20
Phone,Delivery,MX,Customer,User disagrees with cancellation charge/debt,Agent 166,Supervisor 11,Tenure (Mas de 1 año),100.0,108.0,W20
Phone,Delivery,MX,Customer,Cancel the order,Agent 33,Supervisor 14,Tenure (De 30 a 90 días),100.0,64.0,W20
Phone,Delivery,CO,Customer,User don't want the order anymore,Agent 23,Supervisor 9,Tenure (De 6 a 12 Meses),100.0,68.0,W20
Phone,Delivery,MX,Customer,Issues while paying to courier,Agent 135,Supervisor 12,Tenure (Mas de 1 año),0.0,65.0,W20
Phone,Delivery,CO,Customer,User disagrees with cancellation charge/debt,Agent 47,Supervisor 16,Tenure (De 30 a 90 días),90.0,102.0,W20
Phone,Delivery,CO,Customer,Cancel the order,Agent 223,Supervisor 7,Tenure (De 3 a 6 Meses),100.0,40.0,W20
Phone,Delivery,CO,Customer,User don't want the order anymore,Agent 23,Supervisor 9,Tenure (De 6 a 12 Meses),90.0,98.0,W20
Phone,Delivery,MX,Customer,Refund status and conditions,Agent 47,Supervisor 16,Tenure (De 30 a 90 días),90.0,76.0,W20
Phone,Delivery,CO,Customer,Order appears as completed but customer haven't receive it - full service,Agent 224,Supervisor 24,Tenure (Mas de 1 año),100.0,40.0,W20
Phone,Delivery,CO,Customer,Wrong order,Agent 33,Supervisor 14,Tenure (De 30 a 90 días),90.0,59.0,W20
Phone,Delivery,PE,Customer,Wrong order,Agent 132,Supervisor 12,Tenure (Mas de 1 año),100.0,72.0,W20
Phone,Delivery,CO,Customer,Invalid contact,Agent 225,Supervisor 14,Tenure (De 30 a 90 días),100.0,63.0,W20
Phone,Delivery,MX,Customer,After sales user fraud (under anti fraud review),Agent 86,Supervisor 23,Tenure (Mas de 1 año),90.0,67.0,W20
Phone,Delivery,MX,Customer,Order appears as completed but customer haven't receive it - full service,Agent 35,Supervisor 1,Tenure (De 6 a 12 Meses),100.0,69.0,W20
Phone,Delivery,CO,Customer,Cancel the order,Agent 23,Supervisor 9,Tenure (De 6 a 12 Meses),90.0,75.0,W20
Phone,Delivery,MX,Customer,Damaged order,Agent 226,Supervisor 6,Tenure (De 6 a 12 Meses),100.0,163.0,W20
Phone,Delivery,MX,Customer,Damaged order,Agent 24,Supervisor 3,Tenure (De 6 a 12 Meses),100.0,83.0,W20
Phone,Delivery,MX,Customer,Cancel the order,Agent 33,Supervisor 14,Tenure (De 30 a 90 días),90.0,64.0,W20
Phone,Delivery,MX,Customer,Order appears as completed but customer haven't receive it - full service,Agent 227,Supervisor 9,Tenure (De 6 a 12 Meses),90.0,75.0,W20
Phone,Delivery,CR,Customer,Damaged order,Agent 144,Supervisor 13,Tenure (De 6 a 12 Meses),100.0,100.0,W20
Phone,Delivery,MX,Customer,Order appears as completed but customer haven't receive it - market place,Agent 54,Supervisor 9,Tenure (De 3 a 6 Meses),90.0,79.0,W20
Phone,Delivery,CO,Customer,After sales user fraud (under anti fraud review),Agent 33,Supervisor 14,Tenure (De 30 a 90 días),90.0,49.0,W20
Phone,Delivery,CO,Customer,Damaged order,Agent 12,Supervisor 7,Tenure (De 3 a 6 Meses),90.0,114.0,W20
Phone,Delivery,MX,Customer,Can't choose card as payment method (under antifraud review),Agent 53,Supervisor 1,Tenure (De 3 a 6 Meses),100.0,60.0,W20
Phone,Delivery,CO,Customer,Invalid contact,Agent 126,Supervisor 19,Tenure (De 30 a 90 días),100.0,47.0,W20
Phone,Delivery,MX,Customer,Wrong order,Agent 225,Supervisor 14,Tenure (De 30 a 90 días),0.0,82.0,W20
Phone,Delivery,CO,Customer,User disagrees with cancellation charge/debt,Agent 44,Supervisor 7,Tenure (De 30 a 90 días),100.0,56.0,W20
Phone,Delivery,MX,Customer,User don't want the order anymore,Agent 223,Supervisor 7,Tenure (De 3 a 6 Meses),100.0,114.0,W20
Phone,Delivery,MX,Customer,Refund status and conditions,Agent 91,Supervisor 3,Tenure (De 6 a 12 Meses),100.0,68.0,W20
Phone,Delivery,MX,Customer,Order appears as completed but customer haven't receive it - market place,Agent 6,Supervisor 6,Tenure (De 6 a 12 Meses),100.0,99.0,W20
Phone,Delivery,CR,Customer,Invalid contact,Agent 33,Supervisor 14,Tenure (De 30 a 90 días),100.0,43.0,W20
Phone,Delivery,MX,Customer,Order appears as completed but customer haven't receive it - full service,Agent 17,Supervisor 1,Tenure (De 6 a 12 Meses),90.0,56.0,W20
Phone,Delivery,MX,Customer,Damaged order,Agent 9,Supervisor 9,Tenure (De 6 a 12 Meses),100.0,70.0,W20
Phone,Delivery,MX,Customer,Cancel the order,Agent 53,Supervisor 1,Tenure (De 3 a 6 Meses),100.0,75.0,W20
Phone,Delivery,MX,Customer,Refund status and conditions,Agent 90,Supervisor 12,Tenure (Mas de 1 año),100.0,135.0,W20
Phone,Delivery,MX,Customer,Order appears as completed but customer haven't receive it - full service,Agent 228,Supervisor 13,Tenure (De 6 a 12 Meses),0.0,83.0,W20
Phone,Delivery,MX,Customer,Online payment failure (under antifraud review),Agent 229,Supervisor 12,Tenure (Mas de 1 año),100.0,63.0,W20
Phone,Delivery,CO,Customer,After sales user fraud (under anti fraud review),Agent 37,Supervisor 14,Tenure (De 30 a 90 días),90.0,9.0,W20
Phone,Delivery,MX,Customer,Cancel the order,Agent 27,Supervisor 7,Tenure (De 3 a 6 Meses),100.0,109.0,W20
Phone,Delivery,MX,Customer,Other business line,Agent 230,Supervisor 11,Tenure (De 6 a 12 Meses),90.0,87.0,W20
Phone,Delivery,MX,Customer,User request order status or delay information,Agent 141,Supervisor 23,Tenure (Mas de 1 año),100.0,62.0,W20
Phone,Delivery,MX,Customer,Wrong order,Agent 11,Supervisor 9,Tenure (De 6 a 12 Meses),90.0,67.0,W20
Phone,Delivery,MX,Customer,Cancel the order,Agent 33,Supervisor 14,Tenure (De 30 a 90 días),100.0,61.0,W20
Phone,Delivery,MX,Customer,Bank card stolen (under antifraud review),Agent 1,Supervisor 1,Tenure (De 3 a 6 Meses),100.0,134.0,W20
Phone,Delivery,CO,Customer,Courier overcharged me,Agent 4,Supervisor 4,Tenure (De 6 a 12 Meses),100.0,11.0,W20
Phone,Delivery,CR,Customer,Invalid contact,Agent 226,Supervisor 6,Tenure (De 6 a 12 Meses),100.0,9.0,W20
Phone,Delivery,CO,Customer,Can't choose card as payment method (under antifraud review),Agent 126,Supervisor 19,Tenure (De 30 a 90 días),100.0,86.0,W20
Phone,Delivery,MX,Customer,Refund status and conditions,Agent 29,Supervisor 9,Tenure (De 6 a 12 Meses),100.0,60.0,W20
Phone,Delivery,CO,Customer,User don't want the order anymore,Agent 27,Supervisor 7,Tenure (De 3 a 6 Meses),100.0,54.0,W20
Phone,Delivery,MX,Customer,Can't choose card as payment method (under antifraud review),Agent 53,Supervisor 1,Tenure (De 3 a 6 Meses),100.0,66.0,W20
Phone,Delivery,MX,Customer,Order is active but customer already received it,Agent 25,Supervisor 9,Tenure (De 6 a 12 Meses),0.0,61.0,W20
Phone,Delivery,MX,Customer,User disagrees with cancellation charge/debt,Agent 55,Supervisor 11,Tenure (De 6 a 12 Meses),90.0,180.0,W20
Phone,Delivery,CO,Customer,Didi pay balance & top up,Agent 228,Supervisor 13,Tenure (De 6 a 12 Meses),90.0,49.0,W20
Phone,Delivery,MX,Customer,Order appears as completed but customer haven't receive it - market place,Agent 21,Supervisor 9,Tenure (De 6 a 12 Meses),0.0,65.0,W20
Phone,Delivery,CO,Customer,User don't want the order anymore,Agent 223,Supervisor 7,Tenure (De 3 a 6 Meses),90.0,57.0,W20
Phone,Delivery,MX,Customer,Damaged order,Agent 48,Supervisor 9,Tenure (De 6 a 12 Meses),90.0,44.0,W20
Phone,Delivery,CO,Customer,Other business line,Agent 231,Supervisor 14,Tenure (De 30 a 90 días),100.0,25.0,W20
Phone,Delivery,MX,Customer,Membership program renewal charge,Agent 42,Supervisor 14,Tenure (De 30 a 90 días),90.0,90.0,W20
Phone,Delivery,MX,Customer,Apply coupon to pay an order(non-af),Agent 42,Supervisor 14,Tenure (De 30 a 90 días),100.0,79.0,W20
Phone,Delivery,MX,Customer,Refund status and conditions,Agent 134,Supervisor 12,Tenure (Mas de 1 año),0.0,67.0,W20
Phone,Delivery,MX,Customer,Cancel the order,Agent 22,Supervisor 11,Tenure (Mas de 1 año),100.0,81.0,W20
Phone,Delivery,MX,Customer,Invalid contact,Agent 14,Supervisor 11,Tenure (Mas de 1 año),100.0,61.0,W20
Phone,Delivery,MX,Customer,Online payment failure (under antifraud review),Agent 226,Supervisor 6,Tenure (De 6 a 12 Meses),100.0,64.0,W20
Phone,Delivery,CO,Customer,Refund failed,Agent 31,Supervisor 4,Tenure (De 6 a 12 Meses),90.0,46.0,W20
Phone,Delivery,CO,Customer,Cancel the order,Agent 53,Supervisor 1,Tenure (De 3 a 6 Meses),100.0,48.0,W20
Phone,Delivery,MX,Customer,Cancel the order,Agent 18,Supervisor 4,Tenure (De 6 a 12 Meses),100.0,68.0,W20
Phone,Delivery,MX,Customer,Other business line,Agent 176,Supervisor 23,Tenure (Mas de 1 año),100.0,64.0,W20
Phone,Delivery,MX,Customer,Cannot share my referral promocode (under antifraud review),Agent 23,Supervisor 9,Tenure (De 6 a 12 Meses),90.0,139.0,W20
Phone,Delivery,CO,Customer,Account stolen (under antifraud review),Agent 18,Supervisor 4,Tenure (De 6 a 12 Meses),90.0,34.0,W20
Phone,Delivery,MX,Customer,User disagrees with cancellation charge/debt,Agent 194,Supervisor 24,Tenure (Mas de 1 año),0.0,119.0,W20
Phone,Delivery,MX,Customer,Order appears as completed but customer haven't receive it - full service,Agent 48,Supervisor 9,Tenure (De 6 a 12 Meses),0.0,61.0,W20
Phone,Delivery,MX,Customer,Cancel the order,Agent 23,Supervisor 9,Tenure (De 6 a 12 Meses),100.0,63.0,W20
Phone,Delivery,MX,Customer,After sales user fraud (under anti fraud review),Agent 32,Supervisor 9,Tenure (De 6 a 12 Meses),90.0,44.0,W20
Phone,Delivery,MX,Customer,Invalid contact,Agent 197,Supervisor 12,Tenure (Mas de 1 año),100.0,102.0,W20
Phone,Delivery,MX,Customer,Modify phone number,Agent 15,Supervisor 12,Tenure (Mas de 1 año),100.0,84.0,W20
Phone,Delivery,MX,Customer,Other business line,Agent 13,Supervisor 10,Tenure (De 30 a 90 días),100.0,146.0,W20
Phone,Delivery,CO,Customer,After sales user fraud (under anti fraud review),Agent 50,Supervisor 7,Tenure (De 6 a 12 Meses),90.0,57.0,W20
Phone,Delivery,MX,Customer,Order is active but customer already received it,Agent 39,Supervisor 9,Tenure (De 6 a 12 Meses),100.0,61.0,W20
Phone,Delivery,CO,Customer,Cannot use my coupon (under antifraud review),Agent 4,Supervisor 4,Tenure (De 6 a 12 Meses),100.0,111.0,W20
Phone,Delivery,CO,Customer,User disagrees with cancellation charge/debt,Agent 112,Supervisor 24,Tenure (Mas de 1 año),100.0,167.0,W20
Phone,Delivery,CO,Customer,Cancel the order,Agent 134,Supervisor 12,Tenure (Mas de 1 año),0.0,111.0,W20
Phone,Delivery,MX,Customer,User disagrees with cancellation charge/debt,Agent 46,Supervisor 15,Tenure (De 6 a 12 Meses),100.0,192.0,W20
Phone,Delivery,MX,Customer,Order appears as completed but customer haven't receive it - full service,Agent 82,Supervisor 11,Tenure (Mas de 1 año),100.0,57.0,W20
Phone,Delivery,MX,Customer,Refund status and conditions,Agent 15,Supervisor 12,Tenure (Mas de 1 año),100.0,17.0,W20
Phone,Delivery,CO,Customer,Membership program benefits,Agent 221,Supervisor 11,Tenure (Mas de 1 año),90.0,104.0,W20
Phone,Delivery,MX,Customer,Cancel the order,Agent 35,Supervisor 1,Tenure (De 6 a 12 Meses),90.0,48.0,W20
Live Chat,Delivery,MX,Customer,Courier overcharged me,Agent 104,Supervisor 13,Tenure (De 3 a 6 Meses),90.0,652.0,W20
Live Chat,Delivery,MX,Customer,Online payment failure (under antifraud review),Agent 174,Supervisor 13,Tenure (De 6 a 12 Meses),100.0,800.0,W20
Live Chat,Delivery,CO,Customer,cannot place cash order (under antifraud review),Agent 101,Supervisor 8,Tenure (De 30 a 90 días),0.0,181.0,W20
Live Chat,Delivery,MX,Customer,Account Stolen (under antifraud review),Agent 232,Supervisor 8,Tenure (De 30 a 90 días),100.0,1333.0,W20
Live Chat,Delivery,CO,Customer,Bank Card Stolen (under antifraud review),Agent 115,Supervisor 14,Tenure (De 30 a 90 días),100.0,911.0,W20
Live Chat,Delivery,MX,Customer,Can't choose card as payment method (under antifraud review),Agent 175,Supervisor 3,Tenure (Mas de 1 año),100.0,1209.0,W20
Live Chat,Delivery,MX,Customer,Can't choose card as payment method (under antifraud review),Agent 187,Supervisor 20,New hire,100.0,956.0,W20
Live Chat,Delivery,CO,Customer,Courier overcharged me,Agent 233,Supervisor 8,Tenure (De 30 a 90 días),100.0,641.0,W20
Live Chat,Delivery,CO,Customer,Incomplete order,Agent 169,Supervisor 4,Tenure (De 3 a 6 Meses),100.0,1135.0,W20
Live Chat,Delivery,CO,Customer,Incomplete order,Agent 183,Supervisor 3,Tenure (De 6 a 12 Meses),100.0,571.0,W20
Live Chat,Delivery,MX,Customer,Incomplete order,Agent 210,Supervisor 4,Tenure (De 3 a 6 Meses),100.0,1411.0,W20
Live Chat,Delivery,MX,Customer,Incomplete order,Agent 65,Supervisor 7,Tenure (De 3 a 6 Meses),100.0,598.0,W20
Live Chat,Delivery,CR,Customer,Incomplete order,Agent 167,Supervisor 8,Tenure (De 30 a 90 días),80.0,1253.0,W20
Live Chat,Delivery,CO,Customer,Incomplete order,Agent 169,Supervisor 4,Tenure (De 3 a 6 Meses),100.0,685.0,W20
Live Chat,Delivery,CO,Customer,Inedible order,Agent 115,Supervisor 14,Tenure (De 30 a 90 días),100.0,1005.0,W20
Live Chat,Delivery,CO,Customer,Inedible order,Agent 89,Supervisor 6,Tenure (De 30 a 90 días),100.0,604.0,W20
Live Chat,Delivery,MX,Customer,Inedible order,Agent 115,Supervisor 14,Tenure (De 30 a 90 días),100.0,786.0,W20
Live Chat,Delivery,MX,Customer,Inedible order,Agent 158,Supervisor 16,Tenure (De 30 a 90 días),100.0,953.0,W20
Live Chat,Delivery,CO,Customer,Inedible order,Agent 79,Supervisor 4,Tenure (De 30 a 90 días),100.0,180.0,W20
Live Chat,Delivery,MX,Customer,delete account,Agent 130,Supervisor 8,Tenure (De 30 a 90 días),90.0,839.0,W20
Live Chat,Delivery,CO,Customer,delivery fee information,Agent 191,Supervisor 8,Tenure (De 30 a 90 días),100.0,1083.0,W20
Live Chat,Delivery,CR,Customer,didi pay balance & top up,Agent 215,Supervisor 8,Tenure (De 30 a 90 días),100.0,877.0,W20
Live Chat,Delivery,MX,Customer,membership program benefits,Agent 189,Supervisor 20,New hire,100.0,2797.0,W20
Live Chat,Delivery,MX,Customer,membership program renewal charge,Agent 119,Supervisor 9,Tenure (De 3 a 6 Meses),100.0,678.0,W20
Live Chat,Delivery,MX,Customer,modify or add address,Agent 80,Supervisor 3,Tenure (De 30 a 90 días),100.0,116.0,W20
Live Chat,Delivery,CO,Customer,modify phone number,Agent 180,Supervisor 9,Tenure (De 3 a 6 Meses),100.0,416.0,W20
Live Chat,Delivery,PE,Customer,modify phone number,Agent 88,Supervisor 6,Tenure (De 30 a 90 días),100.0,572.0,W20
Live Chat,Delivery,MX,Customer,order is active but customer already received it,Agent 170,Supervisor 6,Tenure (De 6 a 12 Meses),100.0,1168.0,W20
Live Chat,Delivery,MX,Customer,other business line,Agent 158,Supervisor 16,Tenure (De 30 a 90 días),100.0,984.0,W20
Live Chat,Delivery,MX,Customer,pick up order at store,Agent 115,Supervisor 14,Tenure (De 30 a 90 días),100.0,489.0,W20
Live Chat,Delivery,MX,Customer,pick up order at store,Agent 131,Supervisor 3,Tenure (De 3 a 6 Meses),100.0,504.0,W20
Live Chat,Delivery,MX,Customer,placing an order information,Agent 85,Supervisor 1,Tenure (De 30 a 90 días),100.0,1154.0,W20
Live Chat,Delivery,MX,Customer,placing an order information,Agent 169,Supervisor 4,Tenure (De 3 a 6 Meses),100.0,568.0,W20
Live Chat,Delivery,PE,Customer,store promotions doubts,Agent 209,Supervisor 13,Tenure (De 30 a 90 días),100.0,467.0,W20
Live Chat,Delivery,MX,Customer,Account Stolen (under antifraud review),Agent 143,Supervisor 15,Tenure (De 30 a 90 días),100.0,1184.0,W20
Live Chat,Delivery,CO,Customer,After sales user fraud (under anti fraud review),Agent 234,Supervisor 8,Tenure (De 30 a 90 días),100.0,1895.0,W20
Live Chat,Delivery,MX,Customer,After sales user fraud (under anti fraud review),Agent 68,Supervisor 3,Tenure (De 30 a 90 días),100.0,620.0,W20
Live Chat,Delivery,PE,Customer,After sales user fraud (under anti fraud review),Agent 71,Supervisor 4,Tenure (De 30 a 90 días),100.0,1651.0,W20
Live Chat,Delivery,MX,Customer,Bank Card Stolen (under antifraud review),Agent 136,Supervisor 6,Tenure (De 3 a 6 Meses),100.0,1398.0,W20
Live Chat,Delivery,MX,Customer,Bank Card Stolen (under antifraud review),Agent 162,Supervisor 8,Tenure (De 30 a 90 días),100.0,872.0,W20
Live Chat,Delivery,CO,Customer,Can't choose card as payment method (under antifraud review),Agent 143,Supervisor 15,Tenure (De 30 a 90 días),100.0,1147.0,W20
Live Chat,Delivery,MX,Customer,Courier overcharged me,Agent 61,Supervisor 3,Tenure (De 30 a 90 días),100.0,314.0,W20
Live Chat,Delivery,MX,Customer,Courier overcharged me,Agent 164,Supervisor 4,Tenure (De 3 a 6 Meses),100.0,1114.0,W20
Live Chat,Delivery,MX,Customer,Incomplete order,Agent 167,Supervisor 8,Tenure (De 30 a 90 días),100.0,1023.0,W20
Live Chat,Delivery,CO,Customer,Incomplete order,Agent 79,Supervisor 4,Tenure (De 30 a 90 días),100.0,191.0,W20
Live Chat,Delivery,CO,Customer,Incomplete order,Agent 13,Supervisor 10,Tenure (De 30 a 90 días),100.0,1669.0,W20
Live Chat,Delivery,PE,Customer,Inedible order,Agent 118,Supervisor 1,Tenure (De 30 a 90 días),100.0,554.0,W20
Live Chat,Delivery,MX,Customer,Inedible order,Agent 167,Supervisor 8,Tenure (De 30 a 90 días),100.0,430.0,W20
Live Chat,Delivery,MX,Customer,Issues while paying to courier,Agent 235,Supervisor 8,Tenure (De 30 a 90 días),100.0,372.0,W20
Live Chat,Delivery,MX,Customer,Issues while paying to courier,Agent 158,Supervisor 16,Tenure (De 30 a 90 días),100.0,38.0,W20
Live Chat,Delivery,MX,Customer,Online payment failure (under antifraud review),Agent 79,Supervisor 4,Tenure (De 30 a 90 días),100.0,952.0,W20
Live Chat,Delivery,MX,Customer,Online payment failure (under antifraud review),Agent 233,Supervisor 8,Tenure (De 30 a 90 días),100.0,204.0,W20
Live Chat,Delivery,CO,Customer,User disagrees with cancellation charge/debt,Agent 189,Supervisor 20,New hire,100.0,826.0,W20
Live Chat,Delivery,MX,Customer,apply coupon to pay an order(Non-AF),Agent 79,Supervisor 4,Tenure (De 30 a 90 días),100.0,228.0,W20
Live Chat,Delivery,CO,Customer,cancel the order,Agent 116,Supervisor 3,Tenure (De 30 a 90 días),100.0,983.0,W20
Live Chat,Delivery,MX,Customer,delivery verification code,Agent 114,Supervisor 3,Tenure (De 3 a 6 Meses),100.0,908.0,W20
Live Chat,Delivery,CR,Customer,didi pay balance & top up,Agent 64,Supervisor 1,Tenure (De 30 a 90 días),100.0,161.0,W20
Live Chat,Delivery,CO,Customer,membership program benefits,Agent 98,Supervisor 8,Tenure (De 30 a 90 días),100.0,2268.0,W20
Live Chat,Delivery,CO,Customer,membership program renewal charge,Agent 104,Supervisor 13,Tenure (De 3 a 6 Meses),100.0,748.0,W20
Live Chat,Delivery,MX,Customer,modify payment method,Agent 158,Supervisor 16,Tenure (De 30 a 90 días),90.0,406.0,W20
Live Chat,Delivery,MX,Customer,order appears as completed but customer haven't receive it - full service,Agent 183,Supervisor 3,Tenure (De 6 a 12 Meses),90.0,673.0,W20
Live Chat,Delivery,PE,Customer,order status & delays,Agent 181,Supervisor 15,Tenure (De 30 a 90 días),100.0,484.0,W20
Live Chat,Delivery,MX,Customer,order status & delays,Agent 121,Supervisor 3,Tenure (De 30 a 90 días),100.0,948.0,W20
Live Chat,Delivery,MX,Customer,order status & delays,Agent 116,Supervisor 3,Tenure (De 30 a 90 días),100.0,638.0,W20
Live Chat,Delivery,MX,Customer,pick up order at store,Agent 155,Supervisor 20,New hire,100.0,98.0,W20
Live Chat,Delivery,CO,Customer,placing an order information,Agent 110,Supervisor 3,Tenure (De 30 a 90 días),90.0,726.0,W20
Live Chat,Delivery,MX,Customer,Account Stolen (under antifraud review),Agent 116,Supervisor 3,Tenure (De 30 a 90 días),100.0,736.0,W20
Live Chat,Delivery,MX,Customer,After sales user fraud (under anti fraud review),Agent 115,Supervisor 14,Tenure (De 30 a 90 días),100.0,955.0,W20
Live Chat,Delivery,MX,Customer,After sales user fraud (under anti fraud review),Agent 93,Supervisor 8,Tenure (De 30 a 90 días),100.0,1062.0,W20
Live Chat,Delivery,MX,Customer,After sales user fraud (under anti fraud review),Agent 195,Supervisor 13,Tenure (De 30 a 90 días),100.0,1217.0,W20
Live Chat,Delivery,MX,Customer,After sales user fraud (under anti fraud review),Agent 195,Supervisor 13,Tenure (De 30 a 90 días),100.0,978.0,W20
Live Chat,Delivery,MX,Customer,After sales user fraud (under anti fraud review),Agent 95,Supervisor 4,Tenure (De 3 a 6 Meses),100.0,705.0,W20
Live Chat,Delivery,CR,Customer,Bank Card Stolen (under antifraud review),Agent 65,Supervisor 7,Tenure (De 3 a 6 Meses),100.0,1558.0,W20
Live Chat,Delivery,MX,Customer,Bank Card Stolen (under antifraud review),Agent 127,Supervisor 9,Tenure (De 3 a 6 Meses),100.0,399.0,W20
Live Chat,Delivery,MX,Customer,Can't choose card as payment method (under antifraud review),Agent 7,Supervisor 7,Tenure (De 6 a 12 Meses),100.0,906.0,W20
Live Chat,Delivery,MX,Customer,Can't choose card as payment method (under antifraud review),Agent 62,Supervisor 20,New hire,100.0,432.0,W20
Live Chat,Delivery,MX,Customer,Can't choose card as payment method (under antifraud review),Agent 24,Supervisor 3,Tenure (De 6 a 12 Meses),100.0,953.0,W20
Live Chat,Delivery,CO,Customer,Can't choose card as payment method (under antifraud review),Agent 123,Supervisor 16,Tenure (De 30 a 90 días),100.0,1067.0,W20
Live Chat,Delivery,CO,Customer,Can't choose card as payment method (under antifraud review),Agent 107,Supervisor 1,Tenure (De 3 a 6 Meses),100.0,3017.0,W20
Live Chat,Delivery,MX,Customer,Courier overcharged me,Agent 102,Supervisor 20,New hire,90.0,781.0,W20
Live Chat,Delivery,MX,Customer,Courier overcharged me,Agent 236,Supervisor 22,New hire,0.0,1484.0,W20
Live Chat,Delivery,MX,Customer,Courier overcharged me,Agent 119,Supervisor 9,Tenure (De 3 a 6 Meses),100.0,985.0,W20
Live Chat,Delivery,CO,Customer,Duplicated charge,Agent 3,Supervisor 3,Tenure (De 3 a 6 Meses),100.0,328.0,W20
Live Chat,Delivery,CO,Customer,Duplicated charge,Agent 180,Supervisor 9,Tenure (De 3 a 6 Meses),100.0,1417.0,W20
Live Chat,Delivery,CO,Customer,Duplicated charge,Agent 94,Supervisor 13,Tenure (De 30 a 90 días),100.0,784.0,W20
Live Chat,Delivery,CO,Customer,Incomplete order,Agent 191,Supervisor 8,Tenure (De 30 a 90 días),100.0,555.0,W20
Live Chat,Delivery,MX,Customer,Incomplete order,Agent 190,Supervisor 8,Tenure (De 30 a 90 días),100.0,603.0,W20
Live Chat,Delivery,MX,Customer,Incomplete order,Agent 89,Supervisor 6,Tenure (De 30 a 90 días),100.0,788.0,W20
Live Chat,Delivery,MX,Customer,Incomplete order,Agent 103,Supervisor 9,Tenure (De 3 a 6 Meses),100.0,573.0,W20
Live Chat,Delivery,MX,Customer,Inedible order,Agent 214,Supervisor 15,Tenure (De 30 a 90 días),100.0,833.0,W20
Live Chat,Delivery,CO,Customer,Inedible order,Agent 64,Supervisor 1,Tenure (De 30 a 90 días),100.0,422.0,W20
Live Chat,Delivery,MX,Customer,Inedible order,Agent 200,Supervisor 4,Tenure (De 3 a 6 Meses),100.0,1858.0,W20
Live Chat,Delivery,MX,Customer,Issues while paying to courier,Agent 237,Supervisor 20,New hire,80.0,607.0,W20
Live Chat,Delivery,MX,Customer,Issues while paying to courier,Agent 71,Supervisor 4,Tenure (De 30 a 90 días),100.0,1362.0,W20
Live Chat,Delivery,MX,Customer,Issues while paying to courier,Agent 171,Supervisor 20,New hire,0.0,586.0,W20
Live Chat,Delivery,MX,Customer,Online payment failure (under antifraud review),Agent 118,Supervisor 1,Tenure (De 30 a 90 días),100.0,185.0,W20
Live Chat,Delivery,MX,Customer,Online payment failure (under antifraud review),Agent 182,Supervisor 6,Tenure (De 3 a 6 Meses),100.0,80.0,W20
Live Chat,Delivery,CO,Customer,User disagrees with cancellation charge/debt,Agent 140,Supervisor 20,New hire,100.0,3138.0,W20
Live Chat,Delivery,MX,Customer,User request order status or delay information,Agent 127,Supervisor 9,Tenure (De 3 a 6 Meses),100.0,965.0,W20
Live Chat,Delivery,CO,Customer,apply coupon to pay an order(Non-AF),Agent 62,Supervisor 20,New hire,90.0,777.0,W20
Live Chat,Delivery,CO,Customer,apply coupon to pay an order(Non-AF),Agent 232,Supervisor 8,Tenure (De 30 a 90 días),100.0,387.0,W20
Live Chat,Delivery,PE,Customer,apply coupon to pay an order(Non-AF),Agent 96,Supervisor 6,Tenure (De 3 a 6 Meses),100.0,1185.0,W20
Live Chat,Delivery,PE,Customer,cancel the order,Agent 238,Supervisor 20,New hire,100.0,1442.0,W20
Live Chat,Delivery,MX,Customer,cannot place cash order (under antifraud review),Agent 56,Supervisor 6,Tenure (De 3 a 6 Meses),100.0,607.0,W20
Live Chat,Delivery,MX,Customer,cannot place cash order (under antifraud review),Agent 164,Supervisor 4,Tenure (De 3 a 6 Meses),100.0,368.0,W20
Live Chat,Delivery,PE,Customer,cannot place cash order (under antifraud review),Agent 174,Supervisor 13,Tenure (De 6 a 12 Meses),100.0,464.0,W20
Live Chat,Delivery,MX,Customer,cannot place cash order (under antifraud review),Agent 234,Supervisor 8,Tenure (De 30 a 90 días),100.0,671.0,W20
Live Chat,Delivery,MX,Customer,cannot receive coupon (under antifraud review),Agent 206,Supervisor 13,Tenure (De 30 a 90 días),100.0,981.0,W20
Live Chat,Delivery,CO,Customer,cannot use my coupon (under antifraud review),Agent 64,Supervisor 1,Tenure (De 30 a 90 días),100.0,1542.0,W20
Live Chat,Delivery,CR,Customer,didi pay balance & top up,Agent 74,Supervisor 6,Tenure (De 30 a 90 días),100.0,2321.0,W20
Live Chat,Delivery,MX,Customer,didi pay balance & top up,Agent 93,Supervisor 8,Tenure (De 30 a 90 días),100.0,77.0,W20
Live Chat,Delivery,MX,Customer,didi pay balance & top up,Agent 122,Supervisor 4,Tenure (De 3 a 6 Meses),100.0,1497.0,W20
Live Chat,Delivery,MX,Customer,didi pay balance & top up,Agent 205,Supervisor 13,Tenure (De 30 a 90 días),100.0,708.0,W20
Live Chat,Delivery,PE,Customer,didi pay balance & top up,Agent 62,Supervisor 20,New hire,100.0,814.0,W20
Live Chat,Delivery,CO,Customer,inedible order,Agent 175,Supervisor 3,Tenure (Mas de 1 año),100.0,1268.0,W20
Live Chat,Delivery,MX,Customer,inedible order,Agent 167,Supervisor 8,Tenure (De 30 a 90 días),100.0,544.0,W20
Live Chat,Delivery,MX,Customer,inedible order,Agent 98,Supervisor 8,Tenure (De 30 a 90 días),100.0,737.0,W20
Live Chat,Delivery,CO,Customer,inedible order,Agent 167,Supervisor 8,Tenure (De 30 a 90 días),100.0,658.0,W20
Live Chat,Delivery,CO,Customer,inedible order,Agent 183,Supervisor 3,Tenure (De 6 a 12 Meses),100.0,556.0,W20
Live Chat,Delivery,CO,Customer,membership program benefits,Agent 140,Supervisor 20,New hire,100.0,1628.0,W20
Live Chat,Delivery,MX,Customer,membership program benefits,Agent 210,Supervisor 4,Tenure (De 3 a 6 Meses),100.0,754.0,W20
Live Chat,Delivery,CO,Customer,membership program renewal charge,Agent 167,Supervisor 8,Tenure (De 30 a 90 días),100.0,1113.0,W20
Live Chat,Delivery,MX,Customer,membership program renewal charge,Agent 72,Supervisor 4,Tenure (De 3 a 6 Meses),90.0,477.0,W20
Live Chat,Delivery,MX,Customer,modify or add address,Agent 155,Supervisor 20,New hire,90.0,717.0,W20
Live Chat,Delivery,MX,Customer,modify payment method,Agent 237,Supervisor 20,New hire,100.0,126.0,W20
Live Chat,Delivery,MX,Customer,order appears as completed but customer haven't receive it - full service,Agent 81,Supervisor 7,Tenure (De 3 a 6 Meses),100.0,1827.0,W20
Live Chat,Delivery,MX,Customer,order appears as completed but customer haven't receive it - full service,Agent 237,Supervisor 20,New hire,90.0,723.0,W20
Live Chat,Delivery,CO,Customer,order invoice issues,Agent 198,Supervisor 13,Tenure (De 3 a 6 Meses),100.0,1230.0,W20
Live Chat,Delivery,MX,Customer,order is active but customer already received it,Agent 239,Supervisor 8,Tenure (De 30 a 90 días),100.0,657.0,W20
Live Chat,Delivery,MX,Customer,order status & delays,Agent 61,Supervisor 3,Tenure (De 30 a 90 días),100.0,644.0,W20
Live Chat,Delivery,MX,Customer,order status & delays,Agent 240,Supervisor 16,Tenure (De 30 a 90 días),100.0,174.0,W20
Live Chat,Delivery,MX,Customer,order status & delays,Agent 191,Supervisor 8,Tenure (De 30 a 90 días),100.0,554.0,W20
Live Chat,Delivery,MX,Customer,order status & delays,Agent 189,Supervisor 20,New hire,100.0,376.0,W20
Live Chat,Delivery,MX,Customer,other business line,Agent 136,Supervisor 6,Tenure (De 3 a 6 Meses),100.0,483.0,W20
Live Chat,Delivery,MX,Customer,placing an order information,Agent 138,Supervisor 20,New hire,100.0,713.0,W20
Live Chat,Delivery,MX,Customer,rate another user,Agent 164,Supervisor 4,Tenure (De 3 a 6 Meses),100.0,1112.0,W20
Live Chat,Delivery,MX,Customer,refund failed,Agent 241,Supervisor 8,Tenure (De 30 a 90 días),100.0,2492.0,W20
Live Chat,Delivery,MX,Customer,scam,Agent 137,Supervisor 13,Tenure (De 30 a 90 días),90.0,620.0,W20
Live Chat,Delivery,CO,Customer,store promotions doubts,Agent 190,Supervisor 8,Tenure (De 30 a 90 días),90.0,617.0,W20
Live Chat,Delivery,CO,Customer,store promotions doubts,Agent 101,Supervisor 8,Tenure (De 30 a 90 días),100.0,4.0,W20
Live Chat,Delivery,MX,Customer,wrong order,Agent 26,Supervisor 13,Tenure (De 6 a 12 Meses),90.0,852.0,W20
Live Chat,Delivery,MX,Customer,Account Stolen (under antifraud review),Agent 213,Supervisor 20,New hire,100.0,722.0,W20
Live Chat,Delivery,MX,Customer,Account Stolen (under antifraud review),Agent 77,Supervisor 13,Tenure (De 30 a 90 días),100.0,126.0,W20
Live Chat,Delivery,CO,Customer,After sales user fraud (under anti fraud review),Agent 207,Supervisor 3,Tenure (De 30 a 90 días),100.0,627.0,W20
Live Chat,Delivery,CO,Customer,After sales user fraud (under anti fraud review),Agent 189,Supervisor 20,New hire,100.0,1616.0,W20
Live Chat,Delivery,MX,Customer,After sales user fraud (under anti fraud review),Agent 187,Supervisor 20,New hire,100.0,799.0,W20
Live Chat,Delivery,MX,Customer,After sales user fraud (under anti fraud review),Agent 57,Supervisor 7,Tenure (De 6 a 12 Meses),100.0,748.0,W20
Live Chat,Delivery,MX,Customer,Bank Card Stolen (under antifraud review),Agent 156,Supervisor 13,Tenure (De 6 a 12 Meses),100.0,541.0,W20
Live Chat,Delivery,CO,Customer,Bank Card Stolen (under antifraud review),Agent 24,Supervisor 3,Tenure (De 6 a 12 Meses),100.0,724.0,W20
Live Chat,Delivery,MX,Customer,Can't choose card as payment method (under antifraud review),Agent 84,Supervisor 6,Tenure (De 6 a 12 Meses),100.0,1574.0,W20
Live Chat,Delivery,MX,Customer,Can't choose card as payment method (under antifraud review),Agent 215,Supervisor 8,Tenure (De 30 a 90 días),100.0,597.0,W20
Live Chat,Delivery,MX,Customer,Courier overcharged me,Agent 8,Supervisor 8,Tenure (De 30 a 90 días),90.0,1002.0,W20
Live Chat,Delivery,PE,Customer,Courier overcharged me,Agent 93,Supervisor 8,Tenure (De 30 a 90 días),100.0,1856.0,W20
Live Chat,Delivery,MX,Customer,Courier overcharged me,Agent 58,Supervisor 8,Tenure (De 30 a 90 días),100.0,593.0,W20
Live Chat,Delivery,MX,Customer,Courier overcharged me,Agent 102,Supervisor 20,New hire,100.0,1719.0,W20
Live Chat,Delivery,PE,Customer,Damaged order,Agent 169,Supervisor 4,Tenure (De 3 a 6 Meses),100.0,744.0,W20
Live Chat,Delivery,CO,Customer,Duplicated charge,Agent 240,Supervisor 16,Tenure (De 30 a 90 días),100.0,348.0,W20
Live Chat,Delivery,CO,Customer,Duplicated charge,Agent 151,Supervisor 1,Tenure (De 30 a 90 días),100.0,1415.0,W20
Live Chat,Delivery,CO,Customer,Duplicated charge,Agent 133,Supervisor 13,Tenure (De 30 a 90 días),100.0,921.0,W20
Live Chat,Delivery,MX,Customer,Online payment failure (under antifraud review),Agent 87,Supervisor 7,Tenure (De 3 a 6 Meses),100.0,543.0,W20
Live Chat,Delivery,MX,Customer,Online payment failure (under antifraud review),Agent 190,Supervisor 8,Tenure (De 30 a 90 días),100.0,412.0,W20
Live Chat,Delivery,MX,Customer,User disagrees with cancellation charge/debt,Agent 240,Supervisor 16,Tenure (De 30 a 90 días),100.0,398.0,W20
Live Chat,Delivery,CO,Customer,User disagrees with cancellation charge/debt,Agent 204,Supervisor 12,Tenure (Mas de 1 año),100.0,1137.0,W20
Live Chat,Delivery,CO,Customer,User disagrees with cancellation charge/debt,Agent 181,Supervisor 15,Tenure (De 30 a 90 días),100.0,508.0,W20
Live Chat,Delivery,MX,Customer,User request order status or delay information,Agent 72,Supervisor 4,Tenure (De 3 a 6 Meses),100.0,191.0,W20
Live Chat,Delivery,MX,Customer,access to personal data,Agent 73,Supervisor 7,Tenure (De 3 a 6 Meses),100.0,732.0,W20
Live Chat,Delivery,CO,Customer,apply coupon to pay an order(Non-AF),Agent 131,Supervisor 3,Tenure (De 3 a 6 Meses),100.0,928.0,W20
Live Chat,Delivery,MX,Customer,delete account,Agent 122,Supervisor 4,Tenure (De 3 a 6 Meses),100.0,1160.0,W20
Live Chat,Delivery,MX,Customer,delete account,Agent 100,Supervisor 3,Tenure (De 30 a 90 días),100.0,503.0,W20
Live Chat,Delivery,MX,Customer,delete account,Agent 208,Supervisor 8,Tenure (De 30 a 90 días),100.0,2466.0,W20
Live Chat,Delivery,MX,Customer,didi pay balance & top up,Agent 114,Supervisor 3,Tenure (De 3 a 6 Meses),100.0,812.0,W20
Live Chat,Delivery,MX,Customer,incomplete order,Agent 158,Supervisor 16,Tenure (De 30 a 90 días),100.0,631.0,W20
Live Chat,Delivery,MX,Customer,incomplete order,Agent 167,Supervisor 8,Tenure (De 30 a 90 días),100.0,788.0,W20
Live Chat,Delivery,CO,Customer,incomplete order,Agent 80,Supervisor 3,Tenure (De 30 a 90 días),100.0,1443.0,W20
Live Chat,Delivery,MX,Customer,incomplete order,Agent 68,Supervisor 3,Tenure (De 30 a 90 días),100.0,396.0,W20
Live Chat,Delivery,MX,Customer,incomplete order,Agent 175,Supervisor 3,Tenure (Mas de 1 año),100.0,773.0,W20
Live Chat,Delivery,MX,Customer,incomplete order,Agent 78,Supervisor 22,New hire,100.0,664.0,W20
Live Chat,Delivery,MX,Customer,inedible order,Agent 124,Supervisor 4,Tenure (De 3 a 6 Meses),100.0,813.0,W20
Live Chat,Delivery,MX,Customer,inedible order,Agent 116,Supervisor 3,Tenure (De 30 a 90 días),100.0,668.0,W20
Live Chat,Delivery,CO,Customer,inedible order,Agent 26,Supervisor 13,Tenure (De 6 a 12 Meses),100.0,723.0,W20
Live Chat,Delivery,MX,Customer,inedible order,Agent 79,Supervisor 4,Tenure (De 30 a 90 días),100.0,468.0,W20
Live Chat,Delivery,MX,Customer,inedible order,Agent 235,Supervisor 8,Tenure (De 30 a 90 días),100.0,1159.0,W20
Live Chat,Delivery,CO,Customer,inedible order,Agent 61,Supervisor 3,Tenure (De 30 a 90 días),100.0,615.0,W20
Live Chat,Delivery,CO,Customer,membership program benefits,Agent 105,Supervisor 6,Tenure (De 6 a 12 Meses),100.0,1308.0,W20
Live Chat,Delivery,MX,Customer,membership program renewal charge,Agent 165,Supervisor 20,New hire,100.0,903.0,W20
Live Chat,Delivery,MX,Customer,membership program renewal charge,Agent 195,Supervisor 13,Tenure (De 30 a 90 días),100.0,717.0,W20
Live Chat,Delivery,MX,Customer,membership program renewal charge,Agent 122,Supervisor 4,Tenure (De 3 a 6 Meses),100.0,925.0,W20
Live Chat,Delivery,MX,Customer,modify phone number,Agent 235,Supervisor 8,Tenure (De 30 a 90 días),100.0,1996.0,W20
Live Chat,Delivery,CO,Customer,order appears as completed but customer haven't receive it - full service,Agent 143,Supervisor 15,Tenure (De 30 a 90 días),100.0,557.0,W20
Live Chat,Delivery,MX,Customer,order invoice issues,Agent 122,Supervisor 4,Tenure (De 3 a 6 Meses),100.0,1583.0,W20
Live Chat,Delivery,MX,Customer,order is active but customer already received it,Agent 67,Supervisor 1,Tenure (De 3 a 6 Meses),100.0,434.0,W20
Live Chat,Delivery,MX,Customer,order is active but customer already received it,Agent 186,Supervisor 20,New hire,100.0,687.0,W20
Live Chat,Delivery,MX,Customer,order is active but customer already received it,Agent 130,Supervisor 8,Tenure (De 30 a 90 días),100.0,577.0,W20
Live Chat,Delivery,CO,Customer,order status & delays,Agent 100,Supervisor 3,Tenure (De 30 a 90 días),100.0,1671.0,W20
Live Chat,Delivery,MX,Customer,order status & delays,Agent 64,Supervisor 1,Tenure (De 30 a 90 días),100.0,361.0,W20
Live Chat,Delivery,MX,Customer,order status & delays,Agent 127,Supervisor 9,Tenure (De 3 a 6 Meses),100.0,858.0,W20
Live Chat,Delivery,MX,Customer,other business line,Agent 71,Supervisor 4,Tenure (De 30 a 90 días),100.0,259.0,W20
Live Chat,Delivery,MX,Customer,other business line,Agent 111,Supervisor 3,Tenure (De 6 a 12 Meses),100.0,135.0,W20
Live Chat,Delivery,MX,Customer,pick up order at store,Agent 203,Supervisor 20,New hire,100.0,513.0,W20
Live Chat,Delivery,PE,Customer,placing an order information,Agent 71,Supervisor 4,Tenure (De 30 a 90 días),100.0,1097.0,W20
Live Chat,Delivery,MX,Customer,rate another user,Agent 87,Supervisor 7,Tenure (De 3 a 6 Meses),100.0,526.0,W20
Live Chat,Delivery,CO,Customer,terms and conditions,Agent 140,Supervisor 20,New hire,100.0,717.0,W20
Live Chat,Delivery,MX,Customer,Bank Card Stolen (under antifraud review),Agent 61,Supervisor 3,Tenure (De 30 a 90 días),100.0,963.0,W20
Live Chat,Delivery,MX,Customer,Courier overcharged me,Agent 215,Supervisor 8,Tenure (De 30 a 90 días),100.0,384.0,W20
Live Chat,Delivery,MX,Customer,Courier overcharged me,Agent 131,Supervisor 3,Tenure (De 3 a 6 Meses),100.0,1078.0,W20
Live Chat,Delivery,CO,Customer,Driver or store request to cancel,Agent 62,Supervisor 20,New hire,100.0,46.0,W20
Live Chat,Delivery,MX,Customer,Duplicated charge,Agent 213,Supervisor 20,New hire,100.0,906.0,W20
Live Chat,Delivery,CO,Customer,Duplicated charge,Agent 155,Supervisor 20,New hire,90.0,342.0,W20
Live Chat,Delivery,CO,Customer,Incomplete order,Agent 121,Supervisor 3,Tenure (De 30 a 90 días),100.0,2389.0,W20
Live Chat,Delivery,CO,Customer,Incomplete order,Agent 66,Supervisor 4,Tenure (De 3 a 6 Meses),100.0,464.0,W20
Live Chat,Delivery,CO,Customer,Incomplete order,Agent 13,Supervisor 10,Tenure (De 30 a 90 días),100.0,540.0,W20
Live Chat,Delivery,CO,Customer,Incomplete order,Agent 167,Supervisor 8,Tenure (De 30 a 90 días),100.0,890.0,W20
Live Chat,Delivery,MX,Customer,Incomplete order,Agent 190,Supervisor 8,Tenure (De 30 a 90 días),70.0,608.0,W20
Live Chat,Delivery,CO,Customer,Incomplete order,Agent 114,Supervisor 3,Tenure (De 3 a 6 Meses),0.0,350.0,W20
Live Chat,Delivery,CO,Customer,Incomplete order,Agent 183,Supervisor 3,Tenure (De 6 a 12 Meses),100.0,553.0,W20
Live Chat,Delivery,MX,Customer,Incomplete order,Agent 7,Supervisor 7,Tenure (De 6 a 12 Meses),100.0,970.0,W20
Live Chat,Delivery,MX,Customer,Incomplete order,Agent 167,Supervisor 8,Tenure (De 30 a 90 días),100.0,594.0,W20
Live Chat,Delivery,MX,Customer,Incomplete order,Agent 66,Supervisor 4,Tenure (De 3 a 6 Meses),100.0,816.0,W20
Live Chat,Delivery,CO,Customer,Incomplete order,Agent 89,Supervisor 6,Tenure (De 30 a 90 días),100.0,283.0,W20
Live Chat,Delivery,CO,Customer,Incomplete order,Agent 98,Supervisor 8,Tenure (De 30 a 90 días),90.0,1277.0,W20
Live Chat,Delivery,MX,Customer,Incomplete order,Agent 26,Supervisor 13,Tenure (De 6 a 12 Meses),100.0,643.0,W20
Live Chat,Delivery,MX,Customer,Inedible order,Agent 62,Supervisor 20,New hire,90.0,1040.0,W20
Live Chat,Delivery,MX,Customer,Inedible order,Agent 100,Supervisor 3,Tenure (De 30 a 90 días),100.0,929.0,W20
Live Chat,Delivery,MX,Customer,Inedible order,Agent 242,Supervisor 22,New hire,100.0,372.0,W20
Live Chat,Delivery,MX,Customer,Inedible order,Agent 115,Supervisor 14,Tenure (De 30 a 90 días),100.0,942.0,W20
Live Chat,Delivery,MX,Customer,Inedible order,Agent 61,Supervisor 3,Tenure (De 30 a 90 días),100.0,360.0,W20
Live Chat,Delivery,CO,Customer,Inedible order,Agent 26,Supervisor 13,Tenure (De 6 a 12 Meses),100.0,145.0,W20
Live Chat,Delivery,MX,Customer,Inedible order,Agent 64,Supervisor 1,Tenure (De 30 a 90 días),100.0,764.0,W20
Live Chat,Delivery,MX,Customer,Inedible order,Agent 189,Supervisor 20,New hire,100.0,553.0,W20
Live Chat,Delivery,CO,Customer,Inedible order,Agent 68,Supervisor 3,Tenure (De 30 a 90 días),100.0,1310.0,W20
Live Chat,Delivery,MX,Customer,Inedible order,Agent 167,Supervisor 8,Tenure (De 30 a 90 días),100.0,551.0,W20
Live Chat,Delivery,CO,Customer,Inedible order,Agent 127,Supervisor 9,Tenure (De 3 a 6 Meses),100.0,426.0,W20
Live Chat,Delivery,MX,Customer,Inedible order,Agent 158,Supervisor 16,Tenure (De 30 a 90 días),100.0,687.0,W20
Live Chat,Delivery,MX,Customer,Inedible order,Agent 162,Supervisor 8,Tenure (De 30 a 90 días),100.0,450.0,W20
Live Chat,Delivery,MX,Customer,Issues while paying to courier,Agent 140,Supervisor 20,New hire,100.0,577.0,W20
Live Chat,Delivery,CO,Customer,Issues while paying to courier,Agent 210,Supervisor 4,Tenure (De 3 a 6 Meses),90.0,872.0,W20
Live Chat,Delivery,MX,Customer,Online payment failure (under antifraud review),Agent 192,Supervisor 6,Tenure (De 3 a 6 Meses),100.0,1174.0,W20
Live Chat,Delivery,MX,Customer,Partnerships information,Agent 187,Supervisor 20,New hire,100.0,2037.0,W20
Live Chat,Delivery,MX,Customer,Partnerships information,Agent 71,Supervisor 4,Tenure (De 30 a 90 días),100.0,989.0,W20
Live Chat,Delivery,CO,Customer,User disagrees with cancellation charge/debt,Agent 209,Supervisor 13,Tenure (De 30 a 90 días),100.0,1657.0,W20
Live Chat,Delivery,MX,Customer,User disagrees with cancellation charge/debt,Agent 78,Supervisor 22,New hire,90.0,1219.0,W20
Live Chat,Delivery,MX,Customer,User placed order with wrong information,Agent 59,Supervisor 7,Tenure (De 3 a 6 Meses),100.0,698.0,W20
Live Chat,Delivery,MX,Customer,account creation and login,Agent 63,Supervisor 8,Tenure (De 30 a 90 días),90.0,832.0,W20
Live Chat,Delivery,MX,Customer,apply coupon to pay an order(Non-AF),Agent 196,Supervisor 13,Tenure (De 30 a 90 días),100.0,482.0,W20
Live Chat,Delivery,CO,Customer,cannot place cash order (under antifraud review),Agent 114,Supervisor 3,Tenure (De 3 a 6 Meses),90.0,573.0,W20
Live Chat,Delivery,CO,Customer,delete account,Agent 85,Supervisor 1,Tenure (De 30 a 90 días),90.0,3015.0,W20
Live Chat,Delivery,MX,Customer,delivery verification code,Agent 107,Supervisor 1,Tenure (De 3 a 6 Meses),100.0,397.0,W20
Live Chat,Delivery,MX,Customer,driver or store request to cancel,Agent 171,Supervisor 20,New hire,100.0,1118.0,W20
Live Chat,Delivery,MX,Customer,membership program benefits,Agent 240,Supervisor 16,Tenure (De 30 a 90 días),100.0,588.0,W20
Live Chat,Delivery,CO,Customer,membership program renewal charge,Agent 193,Supervisor 6,Tenure (De 3 a 6 Meses),90.0,1243.0,W20
Live Chat,Delivery,MX,Customer,membership program renewal charge,Agent 109,Supervisor 20,New hire,100.0,420.0,W20
Live Chat,Delivery,MX,Customer,modify or add address,Agent 196,Supervisor 13,Tenure (De 30 a 90 días),100.0,9.0,W20
Live Chat,Delivery,MX,Customer,modify phone number,Agent 213,Supervisor 20,New hire,100.0,488.0,W20
Live Chat,Delivery,MX,Customer,order appears as completed but customer haven't receive it - full service,Agent 118,Supervisor 1,Tenure (De 30 a 90 días),90.0,387.0,W20
Live Chat,Delivery,CR,Customer,order appears as completed but customer haven't receive it - full service,Agent 129,Supervisor 13,Tenure (De 30 a 90 días),0.0,0.0,W20
Live Chat,Delivery,PE,Customer,order invoice issues - groceries,Agent 116,Supervisor 3,Tenure (De 30 a 90 días),100.0,1022.0,W20
Live Chat,Delivery,MX,Customer,order status & delays,Agent 191,Supervisor 8,Tenure (De 30 a 90 días),100.0,617.0,W20
Live Chat,Delivery,MX,Customer,other business line,Agent 120,Supervisor 20,New hire,100.0,292.0,W20
Live Chat,Delivery,MX,Customer,payment methods available,Agent 155,Supervisor 20,New hire,90.0,651.0,W20
Live Chat,Delivery,CO,Customer,placing an order information,Agent 178,Supervisor 4,Tenure (De 3 a 6 Meses),100.0,424.0,W20
Live Chat,Delivery,MX,Customer,rate another user,Agent 83,Supervisor 7,Tenure (De 3 a 6 Meses),90.0,368.0,W20
Live Chat,Delivery,CO,Customer,refund status and conditions,Agent 96,Supervisor 6,Tenure (De 3 a 6 Meses),100.0,1107.0,W20
Live Chat,Delivery,CO,Customer,settle a pending offline payment,Agent 84,Supervisor 6,Tenure (De 6 a 12 Meses),100.0,957.0,W20
Live Chat,Delivery,PE,Customer,terms and conditions,Agent 104,Supervisor 13,Tenure (De 3 a 6 Meses),100.0,362.0,W20
Live Chat,Delivery,MX,Customer,verbal aggression,Agent 76,Supervisor 4,Tenure (De 3 a 6 Meses),0.0,1736.0,W20
Live Chat,Delivery,MX,Customer,Account Stolen (under antifraud review),Agent 96,Supervisor 6,Tenure (De 3 a 6 Meses),100.0,1667.0,W20
Live Chat,Delivery,PE,Customer,After sales user fraud (under anti fraud review),Agent 177,Supervisor 20,New hire,90.0,2367.0,W20
Live Chat,Delivery,CO,Customer,After sales user fraud (under anti fraud review),Agent 136,Supervisor 6,Tenure (De 3 a 6 Meses),100.0,777.0,W20
Live Chat,Delivery,CO,Customer,Bank Card Stolen (under antifraud review),Agent 213,Supervisor 20,New hire,100.0,1274.0,W20
Live Chat,Delivery,CO,Customer,Bank Card Stolen (under antifraud review),Agent 150,Supervisor 6,Tenure (De 3 a 6 Meses),100.0,843.0,W20
Live Chat,Delivery,MX,Customer,Bank Card Stolen (under antifraud review),Agent 57,Supervisor 7,Tenure (De 6 a 12 Meses),100.0,1415.0,W20
Live Chat,Delivery,MX,Customer,Can't choose card as payment method (under antifraud review),Agent 40,Supervisor 1,Tenure (De 6 a 12 Meses),100.0,773.0,W20
Live Chat,Delivery,MX,Customer,Can't choose card as payment method (under antifraud review),Agent 201,Supervisor 25,Tenure (De 6 a 12 Meses),100.0,523.0,W20
Live Chat,Delivery,MX,Customer,Courier overcharged me,Agent 203,Supervisor 20,New hire,100.0,1477.0,W20
Live Chat,Delivery,CO,Customer,Courier overcharged me,Agent 99,Supervisor 22,New hire,100.0,1853.0,W20
Live Chat,Delivery,MX,Customer,Courier overcharged me,Agent 103,Supervisor 9,Tenure (De 3 a 6 Meses),100.0,933.0,W20
Live Chat,Delivery,CO,Customer,Damaged order,Agent 81,Supervisor 7,Tenure (De 3 a 6 Meses),100.0,501.0,W20
Live Chat,Delivery,MX,Customer,Damaged order,Agent 243,Supervisor 15,Tenure (De 6 a 12 Meses),100.0,598.0,W20
Live Chat,Delivery,CO,Customer,Duplicated charge,Agent 151,Supervisor 1,Tenure (De 30 a 90 días),100.0,1027.0,W20
Live Chat,Delivery,CO,Customer,Duplicated charge,Agent 58,Supervisor 8,Tenure (De 30 a 90 días),100.0,2751.0,W20
Live Chat,Delivery,MX,Customer,Incomplete order,Agent 189,Supervisor 20,New hire,100.0,807.0,W20
Live Chat,Delivery,MX,Customer,Incomplete order,Agent 115,Supervisor 14,Tenure (De 30 a 90 días),100.0,740.0,W20
Live Chat,Delivery,CO,Customer,Inedible order,Agent 167,Supervisor 8,Tenure (De 30 a 90 días),100.0,882.0,W20
Live Chat,Delivery,CO,Customer,Issues while paying to courier,Agent 120,Supervisor 20,New hire,100.0,1695.0,W20
Live Chat,Delivery,CO,Customer,Issues while paying to courier,Agent 170,Supervisor 6,Tenure (De 6 a 12 Meses),100.0,289.0,W20
Live Chat,Delivery,MX,Customer,Partnerships information,Agent 140,Supervisor 20,New hire,0.0,2899.0,W20
Live Chat,Delivery,CO,Customer,User disagrees with cancellation charge/debt,Agent 172,Supervisor 4,Tenure (De 3 a 6 Meses),100.0,947.0,W20
Live Chat,Delivery,CO,Customer,User disagrees with cancellation charge/debt,Agent 205,Supervisor 13,Tenure (De 30 a 90 días),100.0,1554.0,W20
Live Chat,Delivery,MX,Customer,User placed order with wrong information,Agent 162,Supervisor 8,Tenure (De 30 a 90 días),100.0,527.0,W20
Live Chat,Delivery,MX,Customer,cannot place cash order (under antifraud review),Agent 167,Supervisor 8,Tenure (De 30 a 90 días),100.0,1277.0,W20
Live Chat,Delivery,CO,Customer,cannot place cash order (under antifraud review),Agent 244,Supervisor 6,Tenure (De 6 a 12 Meses),100.0,745.0,W20
Live Chat,Delivery,PE,Customer,cannot place cash order (under antifraud review),Agent 26,Supervisor 13,Tenure (De 6 a 12 Meses),100.0,569.0,W20
Live Chat,Delivery,CO,Customer,cannot place cash order (under antifraud review),Agent 109,Supervisor 20,New hire,100.0,1252.0,W20
Live Chat,Delivery,MX,Customer,didi pay balance & top up,Agent 101,Supervisor 8,Tenure (De 30 a 90 días),100.0,1287.0,W20
Live Chat,Delivery,CO,Customer,didi pay balance & top up,Agent 79,Supervisor 4,Tenure (De 30 a 90 días),100.0,572.0,W20
Live Chat,Delivery,MX,Customer,didi pay balance & top up,Agent 203,Supervisor 20,New hire,100.0,1637.0,W20
Live Chat,Delivery,MX,Customer,incomplete order,Agent 8,Supervisor 8,Tenure (De 30 a 90 días),100.0,831.0,W20
Live Chat,Delivery,CO,Customer,incomplete order,Agent 79,Supervisor 4,Tenure (De 30 a 90 días),100.0,208.0,W20
Live Chat,Delivery,MX,Customer,incomplete order,Agent 89,Supervisor 6,Tenure (De 30 a 90 días),100.0,523.0,W20
Live Chat,Delivery,MX,Customer,incomplete order,Agent 181,Supervisor 15,Tenure (De 30 a 90 días),100.0,1143.0,W20
Live Chat,Delivery,CO,Customer,incomplete order,Agent 116,Supervisor 3,Tenure (De 30 a 90 días),0.0,1240.0,W20
Live Chat,Delivery,CR,Customer,incomplete order,Agent 183,Supervisor 3,Tenure (De 6 a 12 Meses),100.0,552.0,W20
Live Chat,Delivery,PE,Customer,inedible order,Agent 68,Supervisor 3,Tenure (De 30 a 90 días),100.0,1235.0,W20
Live Chat,Delivery,MX,Customer,inedible order,Agent 189,Supervisor 20,New hire,90.0,1428.0,W20
Live Chat,Delivery,CO,Customer,inedible order,Agent 191,Supervisor 8,Tenure (De 30 a 90 días),100.0,1176.0,W20
Live Chat,Delivery,MX,Customer,inedible order,Agent 66,Supervisor 4,Tenure (De 3 a 6 Meses),100.0,1067.0,W20
Live Chat,Delivery,CO,Customer,inedible order,Agent 181,Supervisor 15,Tenure (De 30 a 90 días),90.0,1345.0,W20
Live Chat,Delivery,CO,Customer,inedible order,Agent 200,Supervisor 4,Tenure (De 3 a 6 Meses),100.0,676.0,W20
Live Chat,Delivery,CO,Customer,membership program benefits,Agent 68,Supervisor 3,Tenure (De 30 a 90 días),90.0,411.0,W20
Live Chat,Delivery,CO,Customer,membership program benefits,Agent 157,Supervisor 8,Tenure (De 30 a 90 días),0.0,805.0,W20
Live Chat,Delivery,CO,Customer,membership program renewal charge,Agent 165,Supervisor 20,New hire,100.0,417.0,W20
Live Chat,Delivery,MX,Customer,membership program renewal charge,Agent 121,Supervisor 3,Tenure (De 30 a 90 días),100.0,1242.0,W20
Live Chat,Delivery,MX,Customer,membership program renewal charge,Agent 87,Supervisor 7,Tenure (De 3 a 6 Meses),100.0,582.0,W20
Live Chat,Delivery,PE,Customer,membership program renewal charge,Agent 59,Supervisor 7,Tenure (De 3 a 6 Meses),100.0,1268.0,W20
Live Chat,Delivery,MX,Customer,modify phone number,Agent 183,Supervisor 3,Tenure (De 6 a 12 Meses),100.0,155.0,W20
Live Chat,Delivery,MX,Customer,order appears as completed but customer haven't receive it - full service,Agent 120,Supervisor 20,New hire,100.0,845.0,W20
Live Chat,Delivery,MX,Customer,order appears as completed but customer haven't receive it - full service,Agent 151,Supervisor 1,Tenure (De 30 a 90 días),100.0,375.0,W20
Live Chat,Delivery,MX,Customer,order appears as completed but customer haven't receive it - full service,Agent 145,Supervisor 13,Tenure (De 30 a 90 días),100.0,1405.0,W20
Live Chat,Delivery,CO,Customer,order appears as completed but customer haven't receive it - full service,Agent 237,Supervisor 20,New hire,100.0,1992.0,W20
Live Chat,Delivery,MX,Customer,order is active but customer already received it,Agent 94,Supervisor 13,Tenure (De 30 a 90 días),100.0,1027.0,W20
Live Chat,Delivery,CO,Customer,order is active but customer already received it,Agent 233,Supervisor 8,Tenure (De 30 a 90 días),80.0,702.0,W20
Live Chat,Delivery,MX,Customer,other business line,Agent 245,Supervisor 1,Tenure (De 30 a 90 días),100.0,257.0,W20
Live Chat,Delivery,MX,Customer,other business line,Agent 68,Supervisor 3,Tenure (De 30 a 90 días),100.0,961.0,W20
Live Chat,Delivery,MX,Customer,placing an order information,Agent 91,Supervisor 3,Tenure (De 6 a 12 Meses),100.0,241.0,W20
Live Chat,Delivery,MX,Customer,rate another user,Agent 65,Supervisor 7,Tenure (De 3 a 6 Meses),100.0,1037.0,W20
Live Chat,Delivery,PE,Customer,refund failed,Agent 241,Supervisor 8,Tenure (De 30 a 90 días),100.0,1948.0,W20
Live Chat,Delivery,MX,Customer,refund status and conditions,Agent 171,Supervisor 20,New hire,90.0,648.0,W20
Live Chat,Delivery,CR,Customer,settle a pending offline payment,Agent 61,Supervisor 3,Tenure (De 30 a 90 días),90.0,1977.0,W20
Live Chat,Delivery,MX,Customer,verification fee information,Agent 154,Supervisor 7,Tenure (De 3 a 6 Meses),100.0,2483.0,W20
Live Chat,Delivery,MX,Customer,verification fee information,Agent 98,Supervisor 8,Tenure (De 30 a 90 días),100.0,1855.0,W20
Live Chat,Delivery,MX,Customer,verification fee information,Agent 121,Supervisor 3,Tenure (De 30 a 90 días),100.0,1047.0,W20
Live Chat,Delivery,CO,Customer,Bank Card Stolen (under antifraud review),Agent 209,Supervisor 13,Tenure (De 30 a 90 días),100.0,1037.0,W20
Live Chat,Delivery,MX,Customer,Bank Card Stolen (under antifraud review),Agent 191,Supervisor 8,Tenure (De 30 a 90 días),100.0,1774.0,W20
Live Chat,Delivery,MX,Customer,Bank Card Stolen (under antifraud review),Agent 233,Supervisor 8,Tenure (De 30 a 90 días),90.0,625.0,W20
Live Chat,Delivery,MX,Customer,Can't choose card as payment method (under antifraud review),Agent 209,Supervisor 13,Tenure (De 30 a 90 días),100.0,735.0,W20
Live Chat,Delivery,MX,Customer,Can't choose card as payment method (under antifraud review),Agent 238,Supervisor 20,New hire,100.0,115.0,W20
Live Chat,Delivery,MX,Customer,Can't choose card as payment method (under antifraud review),Agent 206,Supervisor 13,Tenure (De 30 a 90 días),100.0,111.0,W20
Live Chat,Delivery,CR,Customer,Courier overcharged me,Agent 245,Supervisor 1,Tenure (De 30 a 90 días),100.0,987.0,W20
Live Chat,Delivery,CO,Customer,Duplicated charge,Agent 111,Supervisor 3,Tenure (De 6 a 12 Meses),100.0,526.0,W20
Live Chat,Delivery,MX,Customer,Incomplete order,Agent 113,Supervisor 3,Tenure (De 6 a 12 Meses),100.0,586.0,W20
Live Chat,Delivery,MX,Customer,Incomplete order,Agent 189,Supervisor 20,New hire,100.0,1522.0,W20
Live Chat,Delivery,MX,Customer,Inedible order,Agent 66,Supervisor 4,Tenure (De 3 a 6 Meses),100.0,1306.0,W20
Live Chat,Delivery,MX,Customer,Inedible order,Agent 124,Supervisor 4,Tenure (De 3 a 6 Meses),100.0,789.0,W20
Live Chat,Delivery,MX,Customer,Issues while paying to courier,Agent 216,Supervisor 20,New hire,100.0,362.0,W20
Live Chat,Delivery,MX,Customer,Issues while paying to courier,Agent 167,Supervisor 8,Tenure (De 30 a 90 días),100.0,1127.0,W20
Live Chat,Delivery,MX,Customer,Online payment failure (under antifraud review),Agent 111,Supervisor 3,Tenure (De 6 a 12 Meses),100.0,1343.0,W20
Live Chat,Delivery,PE,Customer,accept or stop orders,Agent 24,Supervisor 3,Tenure (De 6 a 12 Meses),100.0,652.0,W20
Live Chat,Delivery,CO,Customer,apply coupon to pay an order(Non-AF),Agent 154,Supervisor 7,Tenure (De 3 a 6 Meses),100.0,367.0,W20
Live Chat,Delivery,PE,Customer,cannot place cash order (under antifraud review),Agent 186,Supervisor 20,New hire,100.0,19.0,W20
Live Chat,Delivery,MX,Customer,didi pay balance & top up,Agent 209,Supervisor 13,Tenure (De 30 a 90 días),100.0,441.0,W20
Live Chat,Delivery,PE,Customer,didi pay balance & top up,Agent 102,Supervisor 20,New hire,100.0,1465.0,W20
Live Chat,Delivery,CO,Customer,didi pay balance & top up,Agent 121,Supervisor 3,Tenure (De 30 a 90 días),100.0,773.0,W20
Live Chat,Delivery,CO,Customer,driver or store request to cancel,Agent 162,Supervisor 8,Tenure (De 30 a 90 días),100.0,18.0,W20
Live Chat,Delivery,MX,Customer,membership program benefits,Agent 245,Supervisor 1,Tenure (De 30 a 90 días),100.0,803.0,W20
Live Chat,Delivery,MX,Customer,membership program renewal charge,Agent 133,Supervisor 13,Tenure (De 30 a 90 días),100.0,802.0,W20
Live Chat,Delivery,MX,Customer,membership program renewal charge,Agent 169,Supervisor 4,Tenure (De 3 a 6 Meses),0.0,663.0,W20
Live Chat,Delivery,MX,Customer,modify or add address,Agent 162,Supervisor 8,Tenure (De 30 a 90 días),100.0,433.0,W20
Live Chat,Delivery,MX,Customer,modify order products,Agent 171,Supervisor 20,New hire,100.0,528.0,W20
Live Chat,Delivery,MX,Customer,modify phone number,Agent 80,Supervisor 3,Tenure (De 30 a 90 días),100.0,893.0,W20
Live Chat,Delivery,CO,Customer,order appears as completed but customer haven't receive it - full service,Agent 93,Supervisor 8,Tenure (De 30 a 90 días),90.0,1446.0,W20
Live Chat,Delivery,MX,Customer,order is active but customer already received it,Agent 236,Supervisor 22,New hire,100.0,934.0,W20
Live Chat,Delivery,CO,Customer,order status & delays,Agent 191,Supervisor 8,Tenure (De 30 a 90 días),100.0,1629.0,W20
Live Chat,Delivery,MX,Customer,other business line,Agent 215,Supervisor 8,Tenure (De 30 a 90 días),100.0,479.0,W20
Live Chat,Delivery,MX,Customer,payment methods available,Agent 71,Supervisor 4,Tenure (De 30 a 90 días),100.0,352.0,W20
Live Chat,Delivery,MX,Customer,placing an order information,Agent 234,Supervisor 8,Tenure (De 30 a 90 días),100.0,837.0,W20
Live Chat,Delivery,CO,Customer,placing an order information,Agent 158,Supervisor 16,Tenure (De 30 a 90 días),100.0,680.0,W20
Live Chat,Delivery,CO,Customer,rate another user,Agent 180,Supervisor 9,Tenure (De 3 a 6 Meses),100.0,2370.0,W20
Live Chat,Delivery,MX,Customer,verification fee information,Agent 172,Supervisor 4,Tenure (De 3 a 6 Meses),100.0,1480.0,W20
Live Chat,Delivery,MX,Customer,Account Stolen (under antifraud review),Agent 196,Supervisor 13,Tenure (De 30 a 90 días),100.0,2648.0,W20
Live Chat,Delivery,MX,Customer,Account Stolen (under antifraud review),Agent 88,Supervisor 6,Tenure (De 30 a 90 días),100.0,1185.0,W20
Live Chat,Delivery,CO,Customer,After sales user fraud (under anti fraud review),Agent 198,Supervisor 13,Tenure (De 3 a 6 Meses),100.0,1705.0,W20
Live Chat,Delivery,MX,Customer,After sales user fraud (under anti fraud review),Agent 129,Supervisor 13,Tenure (De 30 a 90 días),100.0,900.0,W20
Live Chat,Delivery,CO,Customer,Bank Card Stolen (under antifraud review),Agent 63,Supervisor 8,Tenure (De 30 a 90 días),100.0,797.0,W20
Live Chat,Delivery,MX,Customer,Can't choose card as payment method (under antifraud review),Agent 146,Supervisor 6,Tenure (De 6 a 12 Meses),100.0,620.0,W20
Live Chat,Delivery,MX,Customer,Can't choose card as payment method (under antifraud review),Agent 205,Supervisor 13,Tenure (De 30 a 90 días),100.0,1021.0,W20
Live Chat,Delivery,MX,Customer,Courier overcharged me,Agent 241,Supervisor 8,Tenure (De 30 a 90 días),100.0,557.0,W20
Live Chat,Delivery,MX,Customer,Courier overcharged me,Agent 246,Supervisor 22,New hire,100.0,439.0,W20
Live Chat,Delivery,MX,Customer,Courier overcharged me,Agent 147,Supervisor 7,Tenure (De 6 a 12 Meses),100.0,1055.0,W20
Live Chat,Delivery,CO,Customer,Damaged order,Agent 147,Supervisor 7,Tenure (De 6 a 12 Meses),100.0,820.0,W20
Live Chat,Delivery,MX,Customer,Driver or store request to cancel order,Agent 171,Supervisor 20,New hire,100.0,469.0,W20
Live Chat,Delivery,CO,Customer,Duplicated charge,Agent 103,Supervisor 9,Tenure (De 3 a 6 Meses),100.0,540.0,W20
Live Chat,Delivery,MX,Customer,Duplicated charge,Agent 198,Supervisor 13,Tenure (De 3 a 6 Meses),100.0,966.0,W20
Live Chat,Delivery,CO,Customer,Duplicated charge,Agent 179,Supervisor 15,Tenure (De 6 a 12 Meses),100.0,475.0,W20
Live Chat,Delivery,MX,Customer,Incomplete order,Agent 158,Supervisor 16,Tenure (De 30 a 90 días),100.0,1075.0,W20
Live Chat,Delivery,MX,Customer,Incomplete order,Agent 100,Supervisor 3,Tenure (De 30 a 90 días),100.0,399.0,W20
Live Chat,Delivery,MX,Customer,Incomplete order,Agent 158,Supervisor 16,Tenure (De 30 a 90 días),100.0,364.0,W20
Live Chat,Delivery,CO,Customer,Incomplete order,Agent 167,Supervisor 8,Tenure (De 30 a 90 días),100.0,675.0,W20
Live Chat,Delivery,MX,Customer,Incomplete order,Agent 26,Supervisor 13,Tenure (De 6 a 12 Meses),100.0,923.0,W20
Live Chat,Delivery,MX,Customer,Inedible order,Agent 210,Supervisor 4,Tenure (De 3 a 6 Meses),90.0,1204.0,W20
Live Chat,Delivery,MX,Customer,Inedible order,Agent 66,Supervisor 4,Tenure (De 3 a 6 Meses),100.0,1359.0,W20
Live Chat,Delivery,MX,Customer,Inedible order,Agent 235,Supervisor 8,Tenure (De 30 a 90 días),100.0,354.0,W20
Live Chat,Delivery,CO,Customer,Inedible order,Agent 158,Supervisor 16,Tenure (De 30 a 90 días),100.0,979.0,W20
Live Chat,Delivery,MX,Customer,Inedible order,Agent 64,Supervisor 1,Tenure (De 30 a 90 días),100.0,912.0,W20
Live Chat,Delivery,MX,Customer,Issues while paying to courier,Agent 69,Supervisor 21,Tenure (De 30 a 90 días),100.0,659.0,W20
Live Chat,Delivery,CO,Customer,Online payment failure (under antifraud review),Agent 130,Supervisor 8,Tenure (De 30 a 90 días),90.0,1413.0,W20
Live Chat,Delivery,MX,Customer,Online payment failure (under antifraud review),Agent 109,Supervisor 20,New hire,100.0,1205.0,W20
Live Chat,Delivery,MX,Customer,Partnerships information,Agent 88,Supervisor 6,Tenure (De 30 a 90 días),100.0,713.0,W20
Live Chat,Delivery,MX,Customer,User placed order with wrong information,Agent 138,Supervisor 20,New hire,100.0,823.0,W20
Live Chat,Delivery,MX,Customer,User request order status or delay information,Agent 68,Supervisor 3,Tenure (De 30 a 90 días),100.0,797.0,W20
Live Chat,Delivery,MX,Customer,User request order status or delay information,Agent 200,Supervisor 4,Tenure (De 3 a 6 Meses),0.0,756.0,W20
Live Chat,Delivery,CO,Customer,User request order status or delay information,Agent 181,Supervisor 15,Tenure (De 30 a 90 días),100.0,2488.0,W20
Live Chat,Delivery,MX,Customer,User request order status or delay information,Agent 61,Supervisor 3,Tenure (De 30 a 90 días),100.0,394.0,W20
Live Chat,Delivery,MX,Customer,User request order status or delay information,Agent 181,Supervisor 15,Tenure (De 30 a 90 días),90.0,880.0,W20
Live Chat,Delivery,MX,Customer,access to personal data,Agent 234,Supervisor 8,Tenure (De 30 a 90 días),100.0,1625.0,W20
Live Chat,Delivery,MX,Customer,apply coupon to pay an order(Non-AF),Agent 80,Supervisor 3,Tenure (De 30 a 90 días),100.0,1122.0,W20
Live Chat,Delivery,CO,Customer,delivery verification code,Agent 92,Supervisor 3,Tenure (De 30 a 90 días),100.0,680.0,W20
Live Chat,Delivery,CO,Customer,didi pay balance & top up,Agent 103,Supervisor 9,Tenure (De 3 a 6 Meses),100.0,2488.0,W20
Live Chat,Delivery,CO,Customer,driver or store request to cancel,Agent 208,Supervisor 8,Tenure (De 30 a 90 días),100.0,300.0,W20
Live Chat,Delivery,CO,Customer,invalid contact,Agent 66,Supervisor 4,Tenure (De 3 a 6 Meses),100.0,9.0,W20
Live Chat,Delivery,CO,Customer,membership program benefits,Agent 167,Supervisor 8,Tenure (De 30 a 90 días),100.0,2023.0,W20
Live Chat,Delivery,CO,Customer,membership program benefits,Agent 61,Supervisor 3,Tenure (De 30 a 90 días),100.0,526.0,W20
Live Chat,Delivery,MX,Customer,membership program renewal charge,Agent 191,Supervisor 8,Tenure (De 30 a 90 días),100.0,1521.0,W20
Live Chat,Delivery,MX,Customer,membership program renewal charge,Agent 238,Supervisor 20,New hire,100.0,554.0,W20
Live Chat,Delivery,MX,Customer,modify order products,Agent 158,Supervisor 16,Tenure (De 30 a 90 días),100.0,202.0,W20
Live Chat,Delivery,MX,Customer,modify order products,Agent 159,Supervisor 20,New hire,100.0,221.0,W20
Live Chat,Delivery,CO,Customer,modify phone number,Agent 195,Supervisor 13,Tenure (De 30 a 90 días),100.0,2780.0,W20
Live Chat,Delivery,MX,Customer,order appears as completed but customer haven't receive it - full service,Agent 247,Supervisor 16,Tenure (De 30 a 90 días),100.0,496.0,W20
Live Chat,Delivery,MX,Customer,other business line,Agent 196,Supervisor 13,Tenure (De 30 a 90 días),100.0,287.0,W20
Live Chat,Delivery,CO,Customer,payment methods available,Agent 94,Supervisor 13,Tenure (De 30 a 90 días),100.0,608.0,W20
Live Chat,Delivery,MX,Customer,placing an order information,Agent 147,Supervisor 7,Tenure (De 6 a 12 Meses),0.0,1093.0,W20
Live Chat,Delivery,CO,Customer,placing an order information,Agent 143,Supervisor 15,Tenure (De 30 a 90 días),100.0,544.0,W20
Live Chat,Delivery,CO,Customer,store registration,Agent 200,Supervisor 4,Tenure (De 3 a 6 Meses),100.0,1232.0,W20
Live Chat,Delivery,CO,Customer,terms and conditions,Agent 110,Supervisor 3,Tenure (De 30 a 90 días),100.0,1863.0,W20
Live Chat,Delivery,MX,Customer,wrong order,Agent 81,Supervisor 7,Tenure (De 3 a 6 Meses),100.0,788.0,W20
Live Chat,Delivery,MX,Customer,Account Stolen (under antifraud review),Agent 130,Supervisor 8,Tenure (De 30 a 90 días),100.0,1344.0,W20
Live Chat,Delivery,MX,Customer,Account Stolen (under antifraud review),Agent 211,Supervisor 22,New hire,0.0,1097.0,W20
Live Chat,Delivery,MX,Customer,After sales user fraud (under anti fraud review),Agent 78,Supervisor 22,New hire,100.0,332.0,W20
Live Chat,Delivery,CO,Customer,Bank Card Stolen (under antifraud review),Agent 79,Supervisor 4,Tenure (De 30 a 90 días),90.0,1332.0,W20
Live Chat,Delivery,MX,Customer,Bank Card Stolen (under antifraud review),Agent 85,Supervisor 1,Tenure (De 30 a 90 días),100.0,1533.0,W20
Live Chat,Delivery,MX,Customer,Bank Card Stolen (under antifraud review),Agent 88,Supervisor 6,Tenure (De 30 a 90 días),100.0,731.0,W20
Live Chat,Delivery,CO,Customer,Bank Card Stolen (under antifraud review),Agent 123,Supervisor 16,Tenure (De 30 a 90 días),90.0,122.0,W20
Live Chat,Delivery,MX,Customer,Can't choose card as payment method (under antifraud review),Agent 123,Supervisor 16,Tenure (De 30 a 90 días),100.0,355.0,W20
Live Chat,Delivery,MX,Customer,Can't choose card as payment method (under antifraud review),Agent 237,Supervisor 20,New hire,100.0,1773.0,W20
Live Chat,Delivery,CO,Customer,Can't choose card as payment method (under antifraud review),Agent 120,Supervisor 20,New hire,100.0,1453.0,W20
Live Chat,Delivery,MX,Customer,Courier overcharged me,Agent 72,Supervisor 4,Tenure (De 3 a 6 Meses),100.0,382.0,W20
Live Chat,Delivery,MX,Customer,Courier overcharged me,Agent 159,Supervisor 20,New hire,100.0,2348.0,W20
Live Chat,Delivery,MX,Customer,Duplicated charge,Agent 159,Supervisor 20,New hire,100.0,1088.0,W20
Live Chat,Delivery,CO,Customer,Duplicated charge,Agent 59,Supervisor 7,Tenure (De 3 a 6 Meses),100.0,1263.0,W20
Live Chat,Delivery,MX,Customer,Incomplete order,Agent 190,Supervisor 8,Tenure (De 30 a 90 días),100.0,629.0,W20
Live Chat,Delivery,MX,Customer,Incomplete order,Agent 181,Supervisor 15,Tenure (De 30 a 90 días),100.0,1223.0,W20
Live Chat,Delivery,PE,Customer,Incomplete order,Agent 181,Supervisor 15,Tenure (De 30 a 90 días),100.0,515.0,W20
Live Chat,Delivery,MX,Customer,Incomplete order,Agent 78,Supervisor 22,New hire,100.0,943.0,W20
Live Chat,Delivery,CO,Customer,Incomplete order,Agent 183,Supervisor 3,Tenure (De 6 a 12 Meses),100.0,627.0,W20
Live Chat,Delivery,MX,Customer,Incomplete order,Agent 115,Supervisor 14,Tenure (De 30 a 90 días),100.0,851.0,W20
Live Chat,Delivery,PE,Customer,Incomplete order,Agent 127,Supervisor 9,Tenure (De 3 a 6 Meses),100.0,576.0,W20
Live Chat,Delivery,MX,Customer,Incomplete order,Agent 65,Supervisor 7,Tenure (De 3 a 6 Meses),100.0,520.0,W20
Live Chat,Delivery,CO,Customer,Incomplete order,Agent 127,Supervisor 9,Tenure (De 3 a 6 Meses),100.0,417.0,W20
Live Chat,Delivery,MX,Customer,Incomplete order,Agent 8,Supervisor 8,Tenure (De 30 a 90 días),100.0,468.0,W20
Live Chat,Delivery,CO,Customer,Incomplete order,Agent 158,Supervisor 16,Tenure (De 30 a 90 días),100.0,977.0,W20
Live Chat,Delivery,MX,Customer,Incomplete order,Agent 115,Supervisor 14,Tenure (De 30 a 90 días),100.0,1679.0,W20
Live Chat,Delivery,MX,Customer,Incomplete order,Agent 121,Supervisor 3,Tenure (De 30 a 90 días),100.0,360.0,W20
Live Chat,Delivery,CO,Customer,Inedible order,Agent 158,Supervisor 16,Tenure (De 30 a 90 días),100.0,1219.0,W20
Live Chat,Delivery,MX,Customer,Inedible order,Agent 189,Supervisor 20,New hire,100.0,697.0,W20
Live Chat,Delivery,PE,Customer,Inedible order,Agent 116,Supervisor 3,Tenure (De 30 a 90 días),100.0,645.0,W20
Live Chat,Delivery,MX,Customer,Inedible order,Agent 200,Supervisor 4,Tenure (De 3 a 6 Meses),100.0,860.0,W20
Live Chat,Delivery,CO,Customer,Inedible order,Agent 26,Supervisor 13,Tenure (De 6 a 12 Meses),100.0,483.0,W20
Live Chat,Delivery,MX,Customer,Inedible order,Agent 183,Supervisor 3,Tenure (De 6 a 12 Meses),100.0,889.0,W20
Live Chat,Delivery,MX,Customer,Inedible order,Agent 64,Supervisor 1,Tenure (De 30 a 90 días),100.0,240.0,W20
Live Chat,Delivery,MX,Customer,Issues while paying to courier,Agent 63,Supervisor 8,Tenure (De 30 a 90 días),100.0,522.0,W20
Live Chat,Delivery,MX,Customer,Online payment failure (under antifraud review),Agent 181,Supervisor 15,Tenure (De 30 a 90 días),90.0,728.0,W20
Live Chat,Delivery,MX,Customer,Online payment failure (under antifraud review),Agent 157,Supervisor 8,Tenure (De 30 a 90 días),100.0,564.0,W20
Live Chat,Delivery,MX,Customer,Online payment failure (under antifraud review),Agent 208,Supervisor 8,Tenure (De 30 a 90 días),100.0,2226.0,W20
Live Chat,Delivery,MX,Customer,User disagrees with cancellation charge/debt,Agent 101,Supervisor 8,Tenure (De 30 a 90 días),100.0,2327.0,W20
Live Chat,Delivery,MX,Customer,User request order status or delay information,Agent 235,Supervisor 8,Tenure (De 30 a 90 días),100.0,513.0,W20
Live Chat,Delivery,CR,Customer,apply coupon to pay an order(Non-AF),Agent 58,Supervisor 8,Tenure (De 30 a 90 días),100.0,1327.0,W20
Live Chat,Delivery,CO,Customer,cannot place cash order,Agent 94,Supervisor 13,Tenure (De 30 a 90 días),100.0,1603.0,W20
Live Chat,Delivery,CO,Customer,cannot place cash order (under antifraud review),Agent 157,Supervisor 8,Tenure (De 30 a 90 días),100.0,1141.0,W20
Live Chat,Delivery,MX,Customer,cannot place cash order (under antifraud review),Agent 58,Supervisor 8,Tenure (De 30 a 90 días),100.0,1002.0,W20
Live Chat,Delivery,CO,Customer,didi pay balance & top up,Agent 87,Supervisor 7,Tenure (De 3 a 6 Meses),100.0,1646.0,W20
Live Chat,Delivery,CR,Customer,didi pay balance & top up,Agent 192,Supervisor 6,Tenure (De 3 a 6 Meses),100.0,2070.0,W20
Live Chat,Delivery,MX,Customer,didi pay balance & top up,Agent 136,Supervisor 6,Tenure (De 3 a 6 Meses),90.0,184.0,W20
Live Chat,Delivery,CO,Customer,incomplete order,Agent 183,Supervisor 3,Tenure (De 6 a 12 Meses),100.0,795.0,W20
Live Chat,Delivery,CO,Customer,inedible order,Agent 110,Supervisor 3,Tenure (De 30 a 90 días),100.0,841.0,W20
Live Chat,Delivery,CO,Customer,inedible order,Agent 68,Supervisor 3,Tenure (De 30 a 90 días),100.0,760.0,W20
Live Chat,Delivery,MX,Customer,invalid contact,Agent 196,Supervisor 13,Tenure (De 30 a 90 días),100.0,580.0,W20
Live Chat,Delivery,CO,Customer,membership program benefits,Agent 94,Supervisor 13,Tenure (De 30 a 90 días),100.0,1552.0,W20
Live Chat,Delivery,MX,Customer,membership program renewal charge,Agent 177,Supervisor 20,New hire,100.0,1223.0,W20
Live Chat,Delivery,CO,Customer,membership program renewal charge,Agent 151,Supervisor 1,Tenure (De 30 a 90 días),100.0,3138.0,W20
Live Chat,Delivery,CO,Customer,modify order products,Agent 187,Supervisor 20,New hire,100.0,59.0,W20
Live Chat,Delivery,CO,Customer,order is active but customer already received it,Agent 155,Supervisor 20,New hire,100.0,1103.0,W20
Live Chat,Delivery,MX,Customer,order is active but customer already received it,Agent 183,Supervisor 3,Tenure (De 6 a 12 Meses),100.0,803.0,W20
Live Chat,Delivery,MX,Customer,other business line,Agent 233,Supervisor 8,Tenure (De 30 a 90 días),100.0,354.0,W20
Live Chat,Delivery,CO,Customer,other business line,Agent 88,Supervisor 6,Tenure (De 30 a 90 días),100.0,548.0,W20
Live Chat,Delivery,MX,Customer,other business line,Agent 120,Supervisor 20,New hire,100.0,239.0,W20
Live Chat,Delivery,MX,Customer,other business line,Agent 169,Supervisor 4,Tenure (De 3 a 6 Meses),100.0,1079.0,W20
Live Chat,Delivery,MX,Customer,pick up order at store,Agent 182,Supervisor 6,Tenure (De 3 a 6 Meses),100.0,455.0,W20
Live Chat,Delivery,CO,Customer,placing an order information,Agent 209,Supervisor 13,Tenure (De 30 a 90 días),100.0,647.0,W20
Live Chat,Delivery,MX,Customer,placing an order information,Agent 179,Supervisor 15,Tenure (De 6 a 12 Meses),90.0,222.0,W20
Live Chat,Delivery,CO,Customer,rate another user,Agent 102,Supervisor 20,New hire,100.0,2117.0,W20
Live Chat,Delivery,CO,Customer,rate another user,Agent 139,Supervisor 3,Tenure (De 3 a 6 Meses),100.0,886.0,W20
Live Chat,Delivery,MX,Customer,refund status and conditions,Agent 64,Supervisor 1,Tenure (De 30 a 90 días),100.0,676.0,W20
Live Chat,Delivery,CO,Customer,refund status and conditions,Agent 171,Supervisor 20,New hire,100.0,341.0,W20
Live Chat,Delivery,MX,Customer,store promotions doubts,Agent 129,Supervisor 13,Tenure (De 30 a 90 días),100.0,1442.0,W20
Live Chat,Delivery,MX,Customer,store promotions doubts,Agent 161,Supervisor 13,Tenure (De 3 a 6 Meses),100.0,1172.0,W20
Live Chat,Delivery,MX,Customer,terms and conditions,Agent 161,Supervisor 13,Tenure (De 3 a 6 Meses),100.0,618.0,W20
Live Chat,Delivery,MX,Customer,wrong order,Agent 83,Supervisor 7,Tenure (De 3 a 6 Meses),100.0,1298.0,W20
Live Chat,Delivery,PE,Customer,After sales user fraud (under anti fraud review),Agent 177,Supervisor 20,New hire,90.0,944.0,W20
Live Chat,Delivery,PE,Customer,After sales user fraud (under anti fraud review),Agent 140,Supervisor 20,New hire,100.0,1921.0,W20
Live Chat,Delivery,MX,Customer,Bank Card Stolen (under antifraud review),Agent 213,Supervisor 20,New hire,100.0,1114.0,W20
Live Chat,Delivery,PE,Customer,Bank Card Stolen (under antifraud review),Agent 178,Supervisor 4,Tenure (De 3 a 6 Meses),100.0,519.0,W20
Live Chat,Delivery,MX,Customer,Bank Card Stolen (under antifraud review),Agent 100,Supervisor 3,Tenure (De 30 a 90 días),100.0,1576.0,W20
Live Chat,Delivery,CO,Customer,Bank Card Stolen (under antifraud review),Agent 13,Supervisor 10,Tenure (De 30 a 90 días),100.0,1691.0,W20
Live Chat,Delivery,MX,Customer,Can't choose card as payment method (under antifraud review),Agent 161,Supervisor 13,Tenure (De 3 a 6 Meses),100.0,1832.0,W20
Live Chat,Delivery,MX,Customer,Can't choose card as payment method (under antifraud review),Agent 66,Supervisor 4,Tenure (De 3 a 6 Meses),90.0,518.0,W20
Live Chat,Delivery,MX,Customer,Courier overcharged me,Agent 77,Supervisor 13,Tenure (De 30 a 90 días),100.0,1008.0,W20
Live Chat,Delivery,MX,Customer,Courier overcharged me,Agent 187,Supervisor 20,New hire,100.0,1803.0,W20
Live Chat,Delivery,PE,Customer,Courier overcharged me,Agent 165,Supervisor 20,New hire,100.0,2157.0,W20
Live Chat,Delivery,MX,Customer,Damaged order,Agent 205,Supervisor 13,Tenure (De 30 a 90 días),80.0,644.0,W20
Live Chat,Delivery,MX,Customer,Damaged order,Agent 159,Supervisor 20,New hire,90.0,446.0,W20
Live Chat,Delivery,MX,Customer,Duplicated charge,Agent 186,Supervisor 20,New hire,100.0,2062.0,W20
Live Chat,Delivery,CO,Customer,Duplicated charge,Agent 89,Supervisor 6,Tenure (De 30 a 90 días),100.0,723.0,W20
Live Chat,Delivery,CO,Customer,Incomplete order,Agent 26,Supervisor 13,Tenure (De 6 a 12 Meses),90.0,502.0,W20
Live Chat,Delivery,MX,Customer,Incomplete order,Agent 65,Supervisor 7,Tenure (De 3 a 6 Meses),100.0,620.0,W20
Live Chat,Delivery,MX,Customer,Incomplete order,Agent 214,Supervisor 15,Tenure (De 30 a 90 días),100.0,592.0,W20
Live Chat,Delivery,CO,Customer,Incomplete order,Agent 68,Supervisor 3,Tenure (De 30 a 90 días),100.0,297.0,W20
Live Chat,Delivery,PE,Customer,Incomplete order,Agent 127,Supervisor 9,Tenure (De 3 a 6 Meses),100.0,2165.0,W20
Live Chat,Delivery,MX,Customer,Incomplete order,Agent 115,Supervisor 14,Tenure (De 30 a 90 días),100.0,1373.0,W20
Live Chat,Delivery,PE,Customer,Inedible order,Agent 200,Supervisor 4,Tenure (De 3 a 6 Meses),100.0,864.0,W20
Live Chat,Delivery,PE,Customer,Inedible order,Agent 79,Supervisor 4,Tenure (De 30 a 90 días),100.0,170.0,W20
Live Chat,Delivery,CO,Customer,Inedible order,Agent 26,Supervisor 13,Tenure (De 6 a 12 Meses),100.0,116.0,W20
Live Chat,Delivery,MX,Customer,Inedible order,Agent 200,Supervisor 4,Tenure (De 3 a 6 Meses),100.0,573.0,W20
Live Chat,Delivery,MX,Customer,Inedible order,Agent 64,Supervisor 1,Tenure (De 30 a 90 días),100.0,332.0,W20
Live Chat,Delivery,CO,Customer,Inedible order,Agent 115,Supervisor 14,Tenure (De 30 a 90 días),100.0,680.0,W20
Live Chat,Delivery,MX,Customer,Inedible order,Agent 66,Supervisor 4,Tenure (De 3 a 6 Meses),100.0,1264.0,W20
Live Chat,Delivery,MX,Customer,Inedible order,Agent 242,Supervisor 22,New hire,100.0,1336.0,W20
Live Chat,Delivery,CO,Customer,Inedible order,Agent 89,Supervisor 6,Tenure (De 30 a 90 días),100.0,367.0,W20
Live Chat,Delivery,CO,Customer,Issues while paying to courier,Agent 115,Supervisor 14,Tenure (De 30 a 90 días),100.0,35.0,W20
Live Chat,Delivery,MX,Customer,Online payment failure (under antifraud review),Agent 189,Supervisor 20,New hire,100.0,1009.0,W20
Live Chat,Delivery,MX,Customer,Online payment failure (under antifraud review),Agent 157,Supervisor 8,Tenure (De 30 a 90 días),100.0,7.0,W20
Live Chat,Delivery,MX,Customer,Online payment failure (under antifraud review),Agent 89,Supervisor 6,Tenure (De 30 a 90 días),100.0,1327.0,W20
Live Chat,Delivery,MX,Customer,Partnerships information,Agent 232,Supervisor 8,Tenure (De 30 a 90 días),90.0,963.0,W20
Live Chat,Delivery,CO,Customer,User disagrees with cancellation charge/debt,Agent 172,Supervisor 4,Tenure (De 3 a 6 Meses),90.0,1508.0,W20
Live Chat,Delivery,CO,Customer,cannot place cash order (under antifraud review),Agent 156,Supervisor 13,Tenure (De 6 a 12 Meses),80.0,1143.0,W20
Live Chat,Delivery,PE,Customer,cannot place cash order (under antifraud review),Agent 67,Supervisor 1,Tenure (De 3 a 6 Meses),100.0,5.0,W20
Live Chat,Delivery,MX,Customer,cannot use my coupon (under antifraud review),Agent 92,Supervisor 3,Tenure (De 30 a 90 días),100.0,566.0,W20
Live Chat,Delivery,CO,Customer,delivery fee information,Agent 235,Supervisor 8,Tenure (De 30 a 90 días),100.0,587.0,W20
Live Chat,Delivery,CR,Customer,didi pay balance & top up,Agent 26,Supervisor 13,Tenure (De 6 a 12 Meses),100.0,1035.0,W20
Live Chat,Delivery,MX,Customer,didi pay balance & top up,Agent 74,Supervisor 6,Tenure (De 30 a 90 días),100.0,1077.0,W20
Live Chat,Delivery,CO,Customer,membership program benefits,Agent 213,Supervisor 20,New hire,90.0,217.0,W20
Live Chat,Delivery,PE,Customer,membership program benefits,Agent 74,Supervisor 6,Tenure (De 30 a 90 días),0.0,1163.0,W20
Live Chat,Delivery,MX,Customer,membership program benefits,Agent 7,Supervisor 7,Tenure (De 6 a 12 Meses),100.0,707.0,W20
Live Chat,Delivery,MX,Customer,membership program renewal charge,Agent 105,Supervisor 6,Tenure (De 6 a 12 Meses),100.0,456.0,W20
Live Chat,Delivery,MX,Customer,membership program renewal charge,Agent 139,Supervisor 3,Tenure (De 3 a 6 Meses),90.0,872.0,W20
Live Chat,Delivery,MX,Customer,membership program renewal charge,Agent 208,Supervisor 8,Tenure (De 30 a 90 días),100.0,737.0,W20
Live Chat,Delivery,MX,Customer,membership program renewal charge,Agent 146,Supervisor 6,Tenure (De 6 a 12 Meses),100.0,683.0,W20
Live Chat,Delivery,MX,Customer,modify order products,Agent 58,Supervisor 8,Tenure (De 30 a 90 días),100.0,922.0,W20
Live Chat,Delivery,CO,Customer,modify payment method,Agent 100,Supervisor 3,Tenure (De 30 a 90 días),90.0,451.0,W20
Live Chat,Delivery,CO,Customer,modify phone number,Agent 155,Supervisor 20,New hire,90.0,547.0,W20
Live Chat,Delivery,CO,Customer,modify phone number,Agent 130,Supervisor 8,Tenure (De 30 a 90 días),100.0,138.0,W20
Live Chat,Delivery,MX,Customer,order appears as completed but customer haven't receive it - full service,Agent 236,Supervisor 22,New hire,100.0,556.0,W20
Live Chat,Delivery,MX,Customer,order appears as completed but customer haven't receive it - full service,Agent 73,Supervisor 7,Tenure (De 3 a 6 Meses),100.0,175.0,W20
Live Chat,Delivery,CO,Customer,order appears as completed but customer haven't receive it - full service,Agent 206,Supervisor 13,Tenure (De 30 a 90 días),90.0,673.0,W20
Live Chat,Delivery,CO,Customer,order appears as completed but customer haven't receive it - full service,Agent 151,Supervisor 1,Tenure (De 30 a 90 días),100.0,987.0,W20
Live Chat,Delivery,MX,Customer,order is active but customer already received it,Agent 66,Supervisor 4,Tenure (De 3 a 6 Meses),100.0,460.0,W20
Live Chat,Delivery,MX,Customer,order is active but customer already received it,Agent 215,Supervisor 8,Tenure (De 30 a 90 días),100.0,1717.0,W20
Live Chat,Delivery,CO,Customer,order status & delays,Agent 181,Supervisor 15,Tenure (De 30 a 90 días),90.0,1604.0,W20
Live Chat,Delivery,MX,Customer,order status & delays,Agent 191,Supervisor 8,Tenure (De 30 a 90 días),90.0,610.0,W20
Live Chat,Delivery,MX,Customer,order status & delays,Agent 118,Supervisor 1,Tenure (De 30 a 90 días),100.0,657.0,W20
Live Chat,Delivery,MX,Customer,order status & delays,Agent 235,Supervisor 8,Tenure (De 30 a 90 días),100.0,873.0,W20
Live Chat,Delivery,MX,Customer,other business line,Agent 139,Supervisor 3,Tenure (De 3 a 6 Meses),100.0,272.0,W20
Live Chat,Delivery,CO,Customer,payment methods available,Agent 95,Supervisor 4,Tenure (De 3 a 6 Meses),100.0,662.0,W20
Live Chat,Delivery,MX,Customer,placing an order information,Agent 167,Supervisor 8,Tenure (De 30 a 90 días),100.0,631.0,W20
Live Chat,Delivery,MX,Customer,placing an order information,Agent 158,Supervisor 16,Tenure (De 30 a 90 días),90.0,2577.0,W20
Live Chat,Delivery,PE,Customer,placing an order information,Agent 88,Supervisor 6,Tenure (De 30 a 90 días),90.0,1145.0,W20
Live Chat,Delivery,MX,Customer,placing an order information,Agent 222,Supervisor 25,Tenure (De 6 a 12 Meses),100.0,24.0,W20
Live Chat,Delivery,CO,Customer,rate another user,Agent 63,Supervisor 8,Tenure (De 30 a 90 días),100.0,113.0,W20
Live Chat,Delivery,MX,Customer,refund status and conditions,Agent 248,Supervisor 8,Tenure (De 30 a 90 días),90.0,367.0,W20
Live Chat,Delivery,MX,Customer,store promotions doubts,Agent 151,Supervisor 1,Tenure (De 30 a 90 días),100.0,1277.0,W20
Live Chat,Delivery,MX,Customer,store promotions doubts,Agent 95,Supervisor 4,Tenure (De 3 a 6 Meses),100.0,1873.0,W20
Live Chat,Delivery,MX,Customer,store promotions doubts,Agent 62,Supervisor 20,New hire,90.0,796.0,W20
Live Chat,Delivery,CR,Customer,verification fee information,Agent 157,Supervisor 8,Tenure (De 30 a 90 días),100.0,936.0,W20
Live Chat,Delivery,MX,Customer,verification fee information,Agent 101,Supervisor 8,Tenure (De 30 a 90 días),100.0,1175.0,W20
Live Chat,Delivery,MX,Customer,Account Stolen (under antifraud review),Agent 109,Supervisor 20,New hire,100.0,588.0,W20
Live Chat,Delivery,CO,Customer,After sales user fraud (under anti fraud review),Agent 56,Supervisor 6,Tenure (De 3 a 6 Meses),100.0,1154.0,W20
Live Chat,Delivery,MX,Customer,After sales user fraud (under anti fraud review),Agent 133,Supervisor 13,Tenure (De 30 a 90 días),100.0,1223.0,W20
Live Chat,Delivery,MX,Customer,After sales user fraud (under anti fraud review),Agent 243,Supervisor 15,Tenure (De 6 a 12 Meses),100.0,1395.0,W20
Live Chat,Delivery,MX,Customer,After sales user fraud (under anti fraud review),Agent 61,Supervisor 3,Tenure (De 30 a 90 días),100.0,1027.0,W20
Live Chat,Delivery,CO,Customer,Bank Card Stolen (under antifraud review),Agent 80,Supervisor 3,Tenure (De 30 a 90 días),100.0,1752.0,W20
Live Chat,Delivery,MX,Customer,Bank Card Stolen (under antifraud review),Agent 3,Supervisor 3,Tenure (De 3 a 6 Meses),100.0,1300.0,W20
Live Chat,Delivery,CO,Customer,Can't choose card as payment method (under antifraud review),Agent 102,Supervisor 20,New hire,100.0,694.0,W20
Live Chat,Delivery,MX,Customer,Can't choose card as payment method (under antifraud review),Agent 216,Supervisor 20,New hire,100.0,1162.0,W20
Live Chat,Delivery,MX,Customer,Can't choose card as payment method (under antifraud review),Agent 150,Supervisor 6,Tenure (De 3 a 6 Meses),100.0,367.0,W20
Live Chat,Delivery,CO,Customer,Can't choose card as payment method (under antifraud review),Agent 109,Supervisor 20,New hire,100.0,1209.0,W20
Live Chat,Delivery,MX,Customer,Courier overcharged me,Agent 249,Supervisor 8,Tenure (De 30 a 90 días),100.0,1296.0,W20
Live Chat,Delivery,MX,Customer,Courier overcharged me,Agent 205,Supervisor 13,Tenure (De 30 a 90 días),90.0,2482.0,W20
Live Chat,Delivery,MX,Customer,Courier overcharged me,Agent 97,Supervisor 16,Tenure (De 30 a 90 días),100.0,1348.0,W20
Live Chat,Delivery,MX,Customer,Courier overcharged me,Agent 64,Supervisor 1,Tenure (De 30 a 90 días),100.0,1648.0,W20
Live Chat,Delivery,MX,Customer,Courier overcharged me,Agent 186,Supervisor 20,New hire,100.0,841.0,W20
Live Chat,Delivery,MX,Customer,Damaged order,Agent 58,Supervisor 8,Tenure (De 30 a 90 días),100.0,561.0,W20
Live Chat,Delivery,CO,Customer,Duplicated charge,Agent 150,Supervisor 6,Tenure (De 3 a 6 Meses),100.0,716.0,W20
Live Chat,Delivery,CO,Customer,Duplicated charge,Agent 164,Supervisor 4,Tenure (De 3 a 6 Meses),100.0,1003.0,W20
Live Chat,Delivery,CO,Customer,Duplicated charge,Agent 127,Supervisor 9,Tenure (De 3 a 6 Meses),100.0,1494.0,W20
Live Chat,Delivery,MX,Customer,Incomplete order,Agent 65,Supervisor 7,Tenure (De 3 a 6 Meses),100.0,415.0,W20
Live Chat,Delivery,CR,Customer,Incomplete order,Agent 64,Supervisor 1,Tenure (De 30 a 90 días),0.0,1190.0,W20
Live Chat,Delivery,MX,Customer,Incomplete order,Agent 167,Supervisor 8,Tenure (De 30 a 90 días),100.0,712.0,W20
Live Chat,Delivery,MX,Customer,Inedible order,Agent 118,Supervisor 1,Tenure (De 30 a 90 días),100.0,557.0,W20
Live Chat,Delivery,CO,Customer,Inedible order,Agent 121,Supervisor 3,Tenure (De 30 a 90 días),90.0,2389.0,W20
Live Chat,Delivery,MX,Customer,Inedible order,Agent 127,Supervisor 9,Tenure (De 3 a 6 Meses),100.0,302.0,W20
Live Chat,Delivery,MX,Customer,Inedible order,Agent 103,Supervisor 9,Tenure (De 3 a 6 Meses),0.0,1532.0,W20
Live Chat,Delivery,CO,Customer,Inedible order,Agent 181,Supervisor 15,Tenure (De 30 a 90 días),100.0,747.0,W20
Live Chat,Delivery,MX,Customer,Inedible order,Agent 103,Supervisor 9,Tenure (De 3 a 6 Meses),100.0,478.0,W20
Live Chat,Delivery,MX,Customer,Inedible order,Agent 167,Supervisor 8,Tenure (De 30 a 90 días),100.0,401.0,W20
Live Chat,Delivery,CO,Customer,Inedible order,Agent 118,Supervisor 1,Tenure (De 30 a 90 días),100.0,460.0,W20
Live Chat,Delivery,CO,Customer,Inedible order,Agent 158,Supervisor 16,Tenure (De 30 a 90 días),100.0,922.0,W20
Live Chat,Delivery,CO,Customer,Inedible order,Agent 24,Supervisor 3,Tenure (De 6 a 12 Meses),100.0,622.0,W20
Live Chat,Delivery,MX,Customer,Issues while paying to courier,Agent 70,Supervisor 7,Tenure (De 6 a 12 Meses),100.0,579.0,W20
Live Chat,Delivery,MX,Customer,Issues while paying to courier,Agent 137,Supervisor 13,Tenure (De 30 a 90 días),100.0,581.0,W20
Live Chat,Delivery,MX,Customer,Issues while paying to courier,Agent 77,Supervisor 13,Tenure (De 30 a 90 días),100.0,490.0,W20
Live Chat,Delivery,MX,Customer,Issues while paying to courier,Agent 154,Supervisor 7,Tenure (De 3 a 6 Meses),100.0,1235.0,W20
Live Chat,Delivery,MX,Customer,Online payment failure (under antifraud review),Agent 170,Supervisor 6,Tenure (De 6 a 12 Meses),100.0,463.0,W20
Live Chat,Delivery,MX,Customer,User disagrees with cancellation charge/debt,Agent 80,Supervisor 3,Tenure (De 30 a 90 días),100.0,750.0,W20
Live Chat,Delivery,MX,Customer,account creation and login,Agent 233,Supervisor 8,Tenure (De 30 a 90 días),100.0,923.0,W20
Live Chat,Delivery,CR,Customer,cannot place cash order (under antifraud review),Agent 248,Supervisor 8,Tenure (De 30 a 90 días),100.0,1431.0,W20
Live Chat,Delivery,MX,Customer,cannot place cash order (under antifraud review),Agent 191,Supervisor 8,Tenure (De 30 a 90 días),100.0,1011.0,W20
Live Chat,Delivery,MX,Customer,cannot place cash order (under antifraud review),Agent 190,Supervisor 8,Tenure (De 30 a 90 días),100.0,,W20
Live Chat,Delivery,MX,Customer,delete account,Agent 121,Supervisor 3,Tenure (De 30 a 90 días),90.0,579.0,W20
Live Chat,Delivery,CO,Customer,delivery fee information,Agent 114,Supervisor 3,Tenure (De 3 a 6 Meses),100.0,1437.0,W20
Live Chat,Delivery,CO,Customer,delivery verification code,Agent 195,Supervisor 13,Tenure (De 30 a 90 días),0.0,271.0,W20
Live Chat,Delivery,MX,Customer,didi pay balance & top up,Agent 62,Supervisor 20,New hire,90.0,412.0,W20
Live Chat,Delivery,MX,Customer,didi pay balance & top up,Agent 174,Supervisor 13,Tenure (De 6 a 12 Meses),100.0,478.0,W20
Live Chat,Delivery,MX,Customer,didi pay balance & top up,Agent 127,Supervisor 9,Tenure (De 3 a 6 Meses),100.0,165.0,W20
Live Chat,Delivery,MX,Customer,membership program benefits,Agent 3,Supervisor 3,Tenure (De 3 a 6 Meses),100.0,212.0,W20
Live Chat,Delivery,MX,Customer,membership program benefits,Agent 116,Supervisor 3,Tenure (De 30 a 90 días),100.0,673.0,W20
Live Chat,Delivery,MX,Customer,membership program benefits,Agent 177,Supervisor 20,New hire,100.0,2018.0,W20
Live Chat,Delivery,MX,Customer,membership program renewal charge,Agent 186,Supervisor 20,New hire,100.0,529.0,W20
Live Chat,Delivery,MX,Customer,membership program renewal charge,Agent 13,Supervisor 10,Tenure (De 30 a 90 días),100.0,651.0,W20
Live Chat,Delivery,CO,Customer,membership program renewal charge,Agent 235,Supervisor 8,Tenure (De 30 a 90 días),100.0,2546.0,W20
Live Chat,Delivery,MX,Customer,modify or add address,Agent 118,Supervisor 1,Tenure (De 30 a 90 días),100.0,358.0,W20
Live Chat,Delivery,MX,Customer,modify order products,Agent 65,Supervisor 7,Tenure (De 3 a 6 Meses),100.0,653.0,W20
Live Chat,Delivery,MX,Customer,modify phone number,Agent 81,Supervisor 7,Tenure (De 3 a 6 Meses),100.0,1694.0,W20
Live Chat,Delivery,MX,Customer,order appears as completed but customer haven't receive it - full service,Agent 118,Supervisor 1,Tenure (De 30 a 90 días),100.0,1092.0,W20
Live Chat,Delivery,CO,Customer,order appears as completed but customer haven't receive it - full service,Agent 192,Supervisor 6,Tenure (De 3 a 6 Meses),100.0,1033.0,W20
Live Chat,Delivery,MX,Customer,order appears as completed but customer haven't receive it - full service,Agent 65,Supervisor 7,Tenure (De 3 a 6 Meses),100.0,604.0,W20
Live Chat,Delivery,MX,Customer,order status & delays,Agent 68,Supervisor 3,Tenure (De 30 a 90 días),100.0,389.0,W20
Live Chat,Delivery,MX,Customer,order status & delays,Agent 68,Supervisor 3,Tenure (De 30 a 90 días),100.0,245.0,W20
Live Chat,Delivery,MX,Customer,other business line,Agent 133,Supervisor 13,Tenure (De 30 a 90 días),100.0,495.0,W20
Live Chat,Delivery,MX,Customer,other business line,Agent 245,Supervisor 1,Tenure (De 30 a 90 días),100.0,478.0,W20
Live Chat,Delivery,MX,Customer,other business line,Agent 145,Supervisor 13,Tenure (De 30 a 90 días),100.0,1191.0,W20
Live Chat,Delivery,MX,Customer,other business line,Agent 101,Supervisor 8,Tenure (De 30 a 90 días),100.0,599.0,W20
Live Chat,Delivery,MX,Customer,payment methods available,Agent 177,Supervisor 20,New hire,100.0,985.0,W20
Live Chat,Delivery,MX,Customer,payment methods available,Agent 137,Supervisor 13,Tenure (De 30 a 90 días),0.0,551.0,W20
Live Chat,Delivery,CO,Customer,payment methods available,Agent 200,Supervisor 4,Tenure (De 3 a 6 Meses),100.0,696.0,W20
Live Chat,Delivery,MX,Customer,pick up order at store,Agent 67,Supervisor 1,Tenure (De 3 a 6 Meses),100.0,100.0,W20
Live Chat,Delivery,MX,Customer,placing an order information,Agent 165,Supervisor 20,New hire,100.0,643.0,W20
Live Chat,Delivery,MX,Customer,rate another user,Agent 160,Supervisor 8,Tenure (De 30 a 90 días),100.0,430.0,W20
Live Chat,Delivery,MX,Customer,rate another user,Agent 234,Supervisor 8,Tenure (De 30 a 90 días),100.0,2917.0,W20
Live Chat,Delivery,MX,Customer,refund failed,Agent 62,Supervisor 20,New hire,100.0,1697.0,W20
Live Chat,Delivery,CO,Customer,refund status and conditions,Agent 119,Supervisor 9,Tenure (De 3 a 6 Meses),100.0,577.0,W20
Live Chat,Delivery,MX,Customer,system instabilities,Agent 215,Supervisor 8,Tenure (De 30 a 90 días),100.0,809.0,W20
Live Chat,Delivery,MX,Customer,wrong order,Agent 244,Supervisor 6,Tenure (De 6 a 12 Meses),100.0,345.0,W20
Live Chat,Delivery,MX,Customer,After sales user fraud (under anti fraud review),Agent 232,Supervisor 8,Tenure (De 30 a 90 días),100.0,864.0,W20
Live Chat,Delivery,CR,Customer,Bank Card Stolen (under antifraud review),Agent 196,Supervisor 13,Tenure (De 30 a 90 días),100.0,377.0,W20
Live Chat,Delivery,MX,Customer,Bank Card Stolen (under antifraud review),Agent 109,Supervisor 20,New hire,100.0,365.0,W20
Live Chat,Delivery,MX,Customer,Can't choose card as payment method (under antifraud review),Agent 96,Supervisor 6,Tenure (De 3 a 6 Meses),100.0,550.0,W20
Live Chat,Delivery,MX,Customer,Courier overcharged me,Agent 78,Supervisor 22,New hire,100.0,926.0,W20
Live Chat,Delivery,CO,Customer,Courier overcharged me,Agent 70,Supervisor 7,Tenure (De 6 a 12 Meses),100.0,886.0,W20
Live Chat,Delivery,CO,Customer,Damaged order,Agent 133,Supervisor 13,Tenure (De 30 a 90 días),100.0,692.0,W20
Live Chat,Delivery,MX,Customer,Damaged order,Agent 181,Supervisor 15,Tenure (De 30 a 90 días),90.0,356.0,W20
Live Chat,Delivery,MX,Customer,Duplicated charge,Agent 67,Supervisor 1,Tenure (De 3 a 6 Meses),100.0,896.0,W20
Live Chat,Delivery,CO,Customer,Duplicated charge,Agent 107,Supervisor 1,Tenure (De 3 a 6 Meses),100.0,717.0,W20
Live Chat,Delivery,CO,Customer,Incomplete order,Agent 190,Supervisor 8,Tenure (De 30 a 90 días),100.0,412.0,W20
Live Chat,Delivery,MX,Customer,Incomplete order,Agent 64,Supervisor 1,Tenure (De 30 a 90 días),100.0,975.0,W20
Live Chat,Delivery,MX,Customer,Incomplete order,Agent 62,Supervisor 20,New hire,100.0,1665.0,W20
Live Chat,Delivery,CO,Customer,Inedible order,Agent 115,Supervisor 14,Tenure (De 30 a 90 días),100.0,945.0,W20
Live Chat,Delivery,MX,Customer,Inedible order,Agent 158,Supervisor 16,Tenure (De 30 a 90 días),100.0,458.0,W20
Live Chat,Delivery,MX,Customer,Inedible order,Agent 118,Supervisor 1,Tenure (De 30 a 90 días),100.0,241.0,W20
Live Chat,Delivery,MX,Customer,Inedible order,Agent 115,Supervisor 14,Tenure (De 30 a 90 días),100.0,806.0,W20
Live Chat,Delivery,CO,Customer,Inedible order,Agent 158,Supervisor 16,Tenure (De 30 a 90 días),100.0,774.0,W20
Live Chat,Delivery,CO,Customer,Issues while paying to courier,Agent 59,Supervisor 7,Tenure (De 3 a 6 Meses),100.0,270.0,W20
Live Chat,Delivery,MX,Customer,Issues while paying to courier,Agent 80,Supervisor 3,Tenure (De 30 a 90 días),100.0,748.0,W20
Live Chat,Delivery,MX,Customer,Order status management,Agent 156,Supervisor 13,Tenure (De 6 a 12 Meses),100.0,502.0,W20
Live Chat,Delivery,CO,Customer,Partnerships information,Agent 98,Supervisor 8,Tenure (De 30 a 90 días),100.0,2116.0,W20
Live Chat,Delivery,MX,Customer,Partnerships information,Agent 76,Supervisor 4,Tenure (De 3 a 6 Meses),100.0,498.0,W20
Live Chat,Delivery,CO,Customer,User disagrees with cancellation charge/debt,Agent 138,Supervisor 20,New hire,100.0,1480.0,W20
Live Chat,Delivery,PE,Customer,User disagrees with cancellation charge/debt,Agent 190,Supervisor 8,Tenure (De 30 a 90 días),100.0,1687.0,W20
Live Chat,Delivery,CO,Customer,cannot place cash order (under antifraud review),Agent 140,Supervisor 20,New hire,90.0,2338.0,W20
Live Chat,Delivery,CO,Customer,cannot place cash order (under antifraud review),Agent 154,Supervisor 7,Tenure (De 3 a 6 Meses),90.0,1491.0,W20
Live Chat,Delivery,MX,Customer,delivery verification code,Agent 200,Supervisor 4,Tenure (De 3 a 6 Meses),100.0,966.0,W20
Live Chat,Delivery,MX,Customer,didi pay balance & top up,Agent 190,Supervisor 8,Tenure (De 30 a 90 días),100.0,917.0,W20
Live Chat,Delivery,MX,Customer,driver mismatch,Agent 61,Supervisor 3,Tenure (De 30 a 90 días),100.0,492.0,W20
Live Chat,Delivery,MX,Customer,driver or store request to cancel,Agent 207,Supervisor 3,Tenure (De 30 a 90 días),100.0,48.0,W20
Live Chat,Delivery,MX,Customer,membership program benefits,Agent 250,Supervisor 6,Tenure (De 3 a 6 Meses),100.0,263.0,W20
Live Chat,Delivery,MX,Customer,membership program renewal charge,Agent 207,Supervisor 3,Tenure (De 30 a 90 días),100.0,689.0,W20
Live Chat,Delivery,MX,Customer,membership program renewal charge,Agent 3,Supervisor 3,Tenure (De 3 a 6 Meses),100.0,632.0,W20
Live Chat,Delivery,CO,Customer,order appears as completed but customer haven't receive it - full service,Agent 143,Supervisor 15,Tenure (De 30 a 90 días),100.0,808.0,W20
Live Chat,Delivery,MX,Customer,order invoice issues,Agent 190,Supervisor 8,Tenure (De 30 a 90 días),100.0,573.0,W20
Live Chat,Delivery,MX,Customer,order invoice issues,Agent 83,Supervisor 7,Tenure (De 3 a 6 Meses),100.0,1526.0,W20
Live Chat,Delivery,CO,Customer,order is active but customer already received it,Agent 203,Supervisor 20,New hire,100.0,457.0,W20
Live Chat,Delivery,MX,Customer,other business line,Agent 193,Supervisor 6,Tenure (De 3 a 6 Meses),100.0,688.0,W20
Live Chat,Delivery,MX,Customer,other business line,Agent 203,Supervisor 20,New hire,100.0,247.0,W20
Live Chat,Delivery,MX,Customer,other business line,Agent 238,Supervisor 20,New hire,100.0,1016.0,W20
Live Chat,Delivery,MX,Customer,other business line,Agent 172,Supervisor 4,Tenure (De 3 a 6 Meses),100.0,261.0,W20
Live Chat,Delivery,MX,Customer,payment methods available,Agent 235,Supervisor 8,Tenure (De 30 a 90 días),100.0,62.0,W20
Live Chat,Delivery,MX,Customer,rate another user,Agent 110,Supervisor 3,Tenure (De 30 a 90 días),100.0,372.0,W20
Live Chat,Delivery,MX,Customer,store promotions doubts,Agent 93,Supervisor 8,Tenure (De 30 a 90 días),100.0,547.0,W20
Phone,Delivery,MX,Customer,After sales user fraud (under anti fraud review),Agent 227,Supervisor 9,Tenure (De 6 a 12 Meses),90.0,75.0,W21
Phone,Delivery,MX,Customer,Issues while paying to courier,Agent 86,Supervisor 23,Tenure (Mas de 1 año),100.0,69.0,W21
Phone,Delivery,MX,Customer,Invalid contact,Agent 225,Supervisor 14,Tenure (De 30 a 90 días),100.0,78.0,W21
Phone,Delivery,MX,Customer,Order appears as completed but customer haven't receive it - full service,Agent 51,Supervisor 9,Tenure (De 6 a 12 Meses),90.0,66.0,W21
Phone,Delivery,CO,Customer,Wrong order,Agent 48,Supervisor 9,Tenure (De 6 a 12 Meses),100.0,46.0,W21
Phone,Delivery,MX,Customer,Invalid contact,Agent 36,Supervisor 9,Tenure (De 6 a 12 Meses),100.0,63.0,W21
Phone,Delivery,CO,Customer,After sales user fraud (under anti fraud review),Agent 4,Supervisor 4,Tenure (De 6 a 12 Meses),100.0,3.0,W21
Phone,Delivery,MX,Customer,Order is active but customer already received it,Agent 218,Supervisor 10,Tenure (De 30 a 90 días),90.0,9.0,W21
Phone,Delivery,MX,Customer,Order appears as completed but customer haven't receive it - full service,Agent 226,Supervisor 6,Tenure (De 6 a 12 Meses),0.0,69.0,W21
Phone,Delivery,CO,Customer,Order appears as completed but customer haven't receive it - full service,Agent 220,Supervisor 12,Tenure (Mas de 1 año),0.0,36.0,W21
Phone,Delivery,MX,Customer,Damaged order,Agent 21,Supervisor 9,Tenure (De 6 a 12 Meses),90.0,67.0,W21
Phone,Delivery,MX,Customer,Verbal aggression,Agent 141,Supervisor 23,Tenure (Mas de 1 año),100.0,63.0,W21
Phone,Delivery,MX,Customer,User don't want the order anymore,Agent 225,Supervisor 14,Tenure (De 30 a 90 días),90.0,58.0,W21
Phone,Delivery,MX,Customer,Cannot place cash order (under antifraud review),Agent 14,Supervisor 11,Tenure (Mas de 1 año),90.0,122.0,W21
Phone,Delivery,PE,Customer,User disagrees with cancellation charge/debt,Agent 132,Supervisor 12,Tenure (Mas de 1 año),100.0,63.0,W21
Phone,Delivery,CR,Customer,After sales user fraud (under anti fraud review),Agent 173,Supervisor 1,Tenure (De 30 a 90 días),100.0,8.0,W21
Phone,Delivery,CO,Customer,User don't want the order anymore,Agent 108,Supervisor 12,Tenure (Mas de 1 año),100.0,21.0,W21
Phone,Delivery,CO,Customer,Bank card stolen (under antifraud review),Agent 38,Supervisor 11,Tenure (Mas de 1 año),100.0,86.0,W21
Phone,Delivery,MX,Customer,Refund status and conditions,Agent 134,Supervisor 12,Tenure (Mas de 1 año),0.0,87.0,W21
Phone,Delivery,MX,Customer,Membership program renewal charge,Agent 42,Supervisor 14,Tenure (De 30 a 90 días),100.0,74.0,W21
Phone,Delivery,MX,Customer,Invalid contact,Agent 50,Supervisor 7,Tenure (De 6 a 12 Meses),100.0,65.0,W21
Phone,Delivery,MX,Customer,Refund failed,Agent 20,Supervisor 10,Tenure (De 30 a 90 días),100.0,93.0,W21
Phone,Delivery,MX,Customer,Duplicated charge,Agent 30,Supervisor 9,Tenure (De 6 a 12 Meses),100.0,151.0,W21
Phone,Delivery,MX,Customer,Driver or store request to cancel order,Agent 82,Supervisor 11,Tenure (Mas de 1 año),100.0,65.0,W21
Phone,Delivery,MX,Customer,User placed order with wrong information,Agent 166,Supervisor 11,Tenure (Mas de 1 año),100.0,65.0,W21
Phone,Delivery,CO,Customer,Order is active but customer already received it,Agent 70,Supervisor 7,Tenure (De 6 a 12 Meses),100.0,74.0,W21
Phone,Delivery,MX,Customer,Order appears as completed but customer haven't receive it - full service,Agent 23,Supervisor 9,Tenure (De 6 a 12 Meses),100.0,9.0,W21
Phone,Delivery,MX,Customer,Damaged order,Agent 18,Supervisor 4,Tenure (De 6 a 12 Meses),100.0,102.0,W21
Phone,Delivery,MX,Customer,Account stolen (under antifraud review),Agent 17,Supervisor 1,Tenure (De 6 a 12 Meses),90.0,139.0,W21
Phone,Delivery,CO,Customer,Invalid contact,Agent 6,Supervisor 6,Tenure (De 6 a 12 Meses),100.0,59.0,W21
Phone,Delivery,MX,Customer,User placed order with wrong information,Agent 135,Supervisor 12,Tenure (Mas de 1 año),100.0,68.0,W21
Phone,Delivery,CO,Customer,Refund status and conditions,Agent 86,Supervisor 23,Tenure (Mas de 1 año),90.0,28.0,W21
Phone,Delivery,CO,Customer,Order appears as completed but customer haven't receive it - full service,Agent 251,Supervisor 9,Tenure (De 6 a 12 Meses),0.0,63.0,W21
Phone,Delivery,MX,Customer,Damaged order,Agent 44,Supervisor 7,Tenure (De 30 a 90 días),0.0,114.0,W21
Phone,Delivery,MX,Customer,Verbal aggression,Agent 173,Supervisor 1,Tenure (De 30 a 90 días),90.0,67.0,W21
Phone,Delivery,CO,Customer,User don't want the order anymore,Agent 176,Supervisor 23,Tenure (Mas de 1 año),100.0,43.0,W21
Phone,Delivery,MX,Customer,Invalid contact,Agent 251,Supervisor 9,Tenure (De 6 a 12 Meses),0.0,69.0,W21
Phone,Delivery,MX,Customer,Wrong order,Agent 188,Supervisor 24,Tenure (Mas de 1 año),90.0,113.0,W21
Phone,Delivery,MX,Customer,Refund status and conditions,Agent 197,Supervisor 12,Tenure (Mas de 1 año),100.0,77.0,W21
Phone,Delivery,MX,Customer,After sales user fraud (under anti fraud review),Agent 25,Supervisor 9,Tenure (De 6 a 12 Meses),90.0,62.0,W21
Phone,Delivery,MX,Customer,Damaged order,Agent 197,Supervisor 12,Tenure (Mas de 1 año),100.0,77.0,W21
Phone,Delivery,MX,Customer,Can't choose card as payment method (under antifraud review),Agent 53,Supervisor 1,Tenure (De 3 a 6 Meses),90.0,79.0,W21
Phone,Delivery,CO,Customer,User placed order with wrong information,Agent 10,Supervisor 4,Tenure (De 6 a 12 Meses),100.0,113.0,W21
Phone,Delivery,MX,Customer,Stalking,Agent 226,Supervisor 6,Tenure (De 6 a 12 Meses),100.0,9.0,W21
Phone,Delivery,CO,Customer,Invalid contact,Agent 23,Supervisor 9,Tenure (De 6 a 12 Meses),100.0,5.0,W21
Phone,Delivery,CO,Customer,Damaged order,Agent 252,Supervisor 12,Tenure (De 6 a 12 Meses),100.0,64.0,W21
Phone,Delivery,MX,Customer,Bank card stolen (under antifraud review),Agent 228,Supervisor 13,Tenure (De 6 a 12 Meses),90.0,70.0,W21
Phone,Delivery,CO,Customer,Order is active but customer already received it,Agent 30,Supervisor 9,Tenure (De 6 a 12 Meses),100.0,103.0,W21
Phone,Delivery,MX,Customer,Refund status and conditions,Agent 166,Supervisor 11,Tenure (Mas de 1 año),90.0,60.0,W21
Phone,Delivery,MX,Customer,Order appears as completed but customer haven't receive it - full service,Agent 21,Supervisor 9,Tenure (De 6 a 12 Meses),90.0,83.0,W21
Phone,Delivery,MX,Customer,Refund status and conditions doubts,Agent 230,Supervisor 11,Tenure (De 6 a 12 Meses),100.0,114.0,W21
Phone,Delivery,MX,Customer,Order appears as completed but customer haven't receive it - full service,Agent 253,Supervisor 8,Tenure (De 30 a 90 días),0.0,65.0,W21
Phone,Delivery,CO,Customer,Driver or store request to cancel order,Agent 254,Supervisor 23,Tenure (Mas de 1 año),90.0,61.0,W21
Phone,Delivery,MX,Customer,Courier overcharged me,Agent 255,Supervisor 15,Tenure (De 30 a 90 días),90.0,70.0,W21
Phone,Delivery,CO,Customer,User don't want the order anymore,Agent 217,Supervisor 12,Tenure (Mas de 1 año),90.0,43.0,W21
Phone,Delivery,CR,Customer,Order appears as completed but customer haven't receive it - full service,Agent 46,Supervisor 15,Tenure (De 6 a 12 Meses),0.0,53.0,W21
Phone,Delivery,MX,Customer,User don't want the order anymore,Agent 228,Supervisor 13,Tenure (De 6 a 12 Meses),0.0,69.0,W21
Phone,Delivery,MX,Customer,Order appears as completed but customer haven't receive it - full service,Agent 36,Supervisor 9,Tenure (De 6 a 12 Meses),90.0,106.0,W21
Phone,Delivery,CO,Customer,After sales user fraud (under anti fraud review),Agent 33,Supervisor 14,Tenure (De 30 a 90 días),100.0,8.0,W21
Phone,Delivery,CO,Customer,Invalid contact,Agent 20,Supervisor 10,Tenure (De 30 a 90 días),100.0,38.0,W21
Phone,Delivery,MX,Customer,Other business line,Agent 44,Supervisor 7,Tenure (De 30 a 90 días),100.0,88.0,W21
Phone,Delivery,MX,Customer,User disagrees with cancellation charge/debt-groceries,Agent 224,Supervisor 24,Tenure (Mas de 1 año),100.0,106.0,W21
Phone,Delivery,CO,Customer,After sales user fraud (under anti fraud review),Agent 254,Supervisor 23,Tenure (Mas de 1 año),90.0,4.0,W21
Live Chat,Delivery,MX,Customer,Courier overcharged me,Agent 155,Supervisor 13,New hire,90.0,496.0,W21
Live Chat,Delivery,CO,Customer,Incomplete order,Agent 80,Supervisor 3,Tenure (De 30 a 90 días),100.0,278.0,W21
Live Chat,Delivery,MX,Customer,Inedible order,Agent 175,Supervisor 3,Tenure (Mas de 1 año),100.0,493.0,W21
Live Chat,Delivery,MX,Customer,Inedible order,Agent 235,Supervisor 4,Tenure (De 30 a 90 días),100.0,335.0,W21
Live Chat,Delivery,MX,Customer,User disagrees with cancellation charge/debt,Agent 67,Supervisor 9,Tenure (De 3 a 6 Meses),100.0,170.0,W21
Live Chat,Delivery,MX,Customer,order is active but customer already received it,Agent 151,Supervisor 1,Tenure (De 30 a 90 días),100.0,616.0,W21
Live Chat,Delivery,CO,Customer,wrong order,Agent 154,Supervisor 7,Tenure (De 3 a 6 Meses),100.0,923.0,W21
Live Chat,Delivery,CO,Customer,After sales user fraud (under anti fraud review),Agent 26,Supervisor 19,Tenure (De 6 a 12 Meses),100.0,678.0,W21
Live Chat,Delivery,CO,Customer,Can't choose card as payment method (under antifraud review),Agent 180,Supervisor 9,Tenure (De 3 a 6 Meses),100.0,775.0,W21
Live Chat,Delivery,CO,Customer,Damaged order,Agent 193,Supervisor 6,Tenure (De 3 a 6 Meses),100.0,432.0,W21
Live Chat,Delivery,CO,Customer,Duplicated charge,Agent 151,Supervisor 1,Tenure (De 30 a 90 días),100.0,476.0,W21
Live Chat,Delivery,MX,Customer,Inedible order,Agent 235,Supervisor 4,Tenure (De 30 a 90 días),100.0,551.0,W21
Live Chat,Delivery,MX,Customer,User request order status or delay information,Agent 196,Supervisor 13,Tenure (De 30 a 90 días),100.0,97.0,W21
Live Chat,Delivery,MX,Customer,inedible order,Agent 235,Supervisor 4,Tenure (De 30 a 90 días),100.0,705.0,W21
Live Chat,Delivery,CO,Customer,refund status and conditions,Agent 105,Supervisor 6,Tenure (De 6 a 12 Meses),100.0,1122.0,W21
Live Chat,Delivery,MX,Customer,After sales user fraud (under anti fraud review),Agent 172,Supervisor 26,Tenure (De 3 a 6 Meses),100.0,715.0,W21
Live Chat,Delivery,MX,Customer,Bank Card Stolen (under antifraud review),Agent 100,Supervisor 19,Tenure (De 30 a 90 días),100.0,2841.0,W21
Live Chat,Delivery,MX,Customer,Can't choose card as payment method (under antifraud review),Agent 187,Supervisor 13,New hire,0.0,886.0,W21
Live Chat,Delivery,CO,Customer,Can't choose card as payment method (under antifraud review),Agent 140,Supervisor 15,New hire,90.0,1519.0,W21
Live Chat,Delivery,MX,Customer,Courier overcharged me,Agent 140,Supervisor 20,New hire,100.0,900.0,W21
Live Chat,Delivery,MX,Customer,Driver or store request to cancel order,Agent 210,Supervisor 4,Tenure (De 3 a 6 Meses),100.0,1063.0,W21
Live Chat,Delivery,CO,Customer,Duplicated charge,Agent 205,Supervisor 13,Tenure (De 30 a 90 días),90.0,2077.0,W21
Live Chat,Delivery,MX,Customer,Online payment failure (under antifraud review),Agent 107,Supervisor 1,Tenure (De 3 a 6 Meses),100.0,508.0,W21
Live Chat,Delivery,MX,Customer,User disagrees with cancellation charge/debt,Agent 57,Supervisor 27,Tenure (De 6 a 12 Meses),100.0,757.0,W21
Live Chat,Delivery,CR,Customer,User disagrees with cancellation charge/debt-groceries,Agent 137,Supervisor 26,Tenure (De 3 a 6 Meses),90.0,64.0,W21
Live Chat,Delivery,CO,Customer,apply coupon to pay an order(Non-AF),Agent 115,Supervisor 1,Tenure (De 30 a 90 días),100.0,522.0,W21
Live Chat,Delivery,MX,Customer,membership program benefits,Agent 245,Supervisor 15,Tenure (De 30 a 90 días),100.0,504.0,W21
Live Chat,Delivery,CO,Customer,rate another user,Agent 123,Supervisor 16,Tenure (De 30 a 90 días),100.0,2365.0,W21
Live Chat,Delivery,PE,Customer,review order history,Agent 56,Supervisor 6,Tenure (De 3 a 6 Meses),100.0,1101.0,W21
Live Chat,Delivery,MX,Customer,After sales user fraud (under anti fraud review),Agent 154,Supervisor 27,Tenure (De 3 a 6 Meses),100.0,1013.0,W21
Live Chat,Delivery,CO,Customer,Courier overcharged me,Agent 101,Supervisor 4,Tenure (De 30 a 90 días),100.0,1646.0,W21
Live Chat,Delivery,MX,Customer,User don't want the order anymore,Agent 256,Supervisor 28,Tenure (De 6 a 12 Meses),100.0,94.0,W21
Live Chat,Delivery,CO,Customer,membership program renewal charge,Agent 121,Supervisor 3,Tenure (De 30 a 90 días),100.0,508.0,W21
Live Chat,Delivery,MX,Customer,membership program renewal charge,Agent 101,Supervisor 4,Tenure (De 30 a 90 días),100.0,1198.0,W21
Live Chat,Delivery,MX,Customer,modify or add address,Agent 156,Supervisor 26,Tenure (De 6 a 12 Meses),100.0,121.0,W21
Live Chat,Delivery,MX,Customer,order appears as completed but customer haven't receive it - full service,Agent 40,Supervisor 15,Tenure (De 6 a 12 Meses),100.0,1334.0,W21
Live Chat,Delivery,MX,Customer,Can't choose card as payment method (under antifraud review),Agent 233,Supervisor 8,Tenure (De 30 a 90 días),100.0,993.0,W21
Live Chat,Delivery,CO,Customer,Driver or store request to cancel order,Agent 103,Supervisor 4,Tenure (De 3 a 6 Meses),100.0,590.0,W21
Live Chat,Delivery,CO,Customer,Duplicated charge,Agent 13,Supervisor 10,Tenure (De 30 a 90 días),100.0,1336.0,W21
Live Chat,Delivery,CO,Customer,Duplicated charge,Agent 177,Supervisor 9,New hire,100.0,1264.0,W21
Live Chat,Delivery,CO,Customer,Inedible order,Agent 68,Supervisor 3,Tenure (De 30 a 90 días),100.0,833.0,W21
Live Chat,Delivery,MX,Customer,User placed order with wrong information,Agent 65,Supervisor 4,Tenure (De 3 a 6 Meses),100.0,432.0,W21
Live Chat,Delivery,MX,Customer,User placed order with wrong information,Agent 140,Supervisor 20,New hire,90.0,520.0,W21
Live Chat,Delivery,MX,Customer,incomplete order,Agent 235,Supervisor 4,Tenure (De 30 a 90 días),100.0,1166.0,W21
Live Chat,Delivery,CO,Customer,membership program renewal charge,Agent 192,Supervisor 6,Tenure (De 3 a 6 Meses),100.0,1014.0,W21
Live Chat,Delivery,CO,Customer,placing an order information,Agent 131,Supervisor 26,Tenure (De 3 a 6 Meses),100.0,703.0,W21
Live Chat,Delivery,MX,Customer,rate another user,Agent 157,Supervisor 27,Tenure (De 30 a 90 días),100.0,2570.0,W21
Live Chat,Delivery,MX,Customer,refund status and conditions,Agent 215,Supervisor 8,Tenure (De 30 a 90 días),100.0,645.0,W21
Live Chat,Delivery,MX,Customer,refund status and conditions doubts,Agent 59,Supervisor 27,Tenure (De 3 a 6 Meses),100.0,221.0,W21
Live Chat,Delivery,MX,Customer,Account Stolen (under antifraud review),Agent 183,Supervisor 3,Tenure (De 6 a 12 Meses),90.0,793.0,W21
Live Chat,Delivery,CO,Customer,After sales user fraud (under anti fraud review),Agent 64,Supervisor 19,Tenure (De 30 a 90 días),100.0,294.0,W21
Live Chat,Delivery,MX,Customer,After sales user fraud (under anti fraud review),Agent 120,Supervisor 6,New hire,100.0,1199.0,W21
Live Chat,Delivery,MX,Customer,Bank Card Stolen (under antifraud review),Agent 162,Supervisor 8,Tenure (De 30 a 90 días),100.0,1456.0,W21
Live Chat,Delivery,CR,Customer,Bank Card Stolen (under antifraud review),Agent 116,Supervisor 3,Tenure (De 30 a 90 días),100.0,975.0,W21
Live Chat,Delivery,CO,Customer,Bank Card Stolen (under antifraud review),Agent 187,Supervisor 13,New hire,100.0,1552.0,W21
Live Chat,Delivery,CO,Customer,Courier over charged me,Agent 207,Supervisor 6,Tenure (De 30 a 90 días),100.0,1691.0,W21
Live Chat,Delivery,MX,Customer,Damaged order,Agent 143,Supervisor 15,Tenure (De 30 a 90 días),100.0,437.0,W21
Live Chat,Delivery,CO,Customer,User placed order with wrong information,Agent 158,Supervisor 16,Tenure (De 30 a 90 días),100.0,872.0,W21
Live Chat,Delivery,MX,Customer,become a driver or shopper,Agent 257,Supervisor 19,Tenure (De 30 a 90 días),100.0,1127.0,W21
Live Chat,Delivery,MX,Customer,delete account,Agent 162,Supervisor 4,Tenure (De 30 a 90 días),100.0,602.0,W21
Live Chat,Delivery,CO,Customer,order appears as completed but customer haven't receive it - full service,Agent 192,Supervisor 6,Tenure (De 3 a 6 Meses),100.0,1047.0,W21
Live Chat,Delivery,MX,Customer,order invoice issues,Agent 191,Supervisor 19,Tenure (De 30 a 90 días),100.0,506.0,W21
Live Chat,Delivery,MX,Customer,payment methods available,Agent 102,Supervisor 20,New hire,100.0,421.0,W21
Live Chat,Delivery,MX,Customer,rate another user,Agent 139,Supervisor 26,Tenure (De 3 a 6 Meses),100.0,773.0,W21
Live Chat,Delivery,CO,Customer,refund status and conditions,Agent 136,Supervisor 6,Tenure (De 3 a 6 Meses),100.0,301.0,W21
Live Chat,Delivery,CO,Customer,Inedible order,Agent 3,Supervisor 3,Tenure (De 3 a 6 Meses),100.0,533.0,W21
Live Chat,Delivery,CR,Customer,Issues while paying to courier,Agent 80,Supervisor 3,Tenure (De 30 a 90 días),100.0,1459.0,W21
Live Chat,Delivery,MX,Customer,User disagrees with cancellation charge/debt,Agent 96,Supervisor 6,Tenure (De 3 a 6 Meses),100.0,1029.0,W21
Live Chat,Delivery,MX,Customer,apply coupon to pay an order(Non-AF),Agent 250,Supervisor 6,Tenure (De 3 a 6 Meses),100.0,974.0,W21
Live Chat,Delivery,MX,Customer,order appears as completed but customer haven't receive it - full service,Agent 147,Supervisor 7,Tenure (De 6 a 12 Meses),100.0,1017.0,W21
Live Chat,Delivery,MX,Customer,refund status and conditions,Agent 151,Supervisor 15,Tenure (De 30 a 90 días),100.0,379.0,W21
Live Chat,Delivery,MX,Customer,verification fee information,Agent 245,Supervisor 15,Tenure (De 30 a 90 días),100.0,505.0,W21
Live Chat,Delivery,MX,Customer,User placed order with wrong information,Agent 165,Supervisor 27,New hire,100.0,356.0,W21
Live Chat,Delivery,MX,Customer,User request order status or delay information,Agent 111,Supervisor 3,Tenure (De 6 a 12 Meses),100.0,659.0,W21
Live Chat,Delivery,MX,Customer,delivery verification code,Agent 162,Supervisor 4,Tenure (De 30 a 90 días),100.0,1111.0,W21
Live Chat,Delivery,CR,Customer,order appears as completed but customer haven't receive it - full service,Agent 195,Supervisor 26,Tenure (De 30 a 90 días),100.0,1363.0,W21
Live Chat,Delivery,CO,Customer,rate another user,Agent 66,Supervisor 19,Tenure (De 3 a 6 Meses),100.0,3093.0,W21
Live Chat,Delivery,MX,Customer,wrong order,Agent 84,Supervisor 6,Tenure (De 6 a 12 Meses),100.0,352.0,W21
Live Chat,Delivery,MX,Customer,Account Stolen (under antifraud review),Agent 87,Supervisor 27,Tenure (De 3 a 6 Meses),100.0,1757.0,W21
Live Chat,Delivery,MX,Customer,After sales user fraud (under anti fraud review),Agent 110,Supervisor 3,Tenure (De 30 a 90 días),100.0,2261.0,W21
Live Chat,Delivery,CO,Customer,After sales user fraud (under anti fraud review),Agent 70,Supervisor 4,Tenure (De 6 a 12 Meses),100.0,2403.0,W21
Live Chat,Delivery,MX,Customer,User don't want the order anymore,Agent 146,Supervisor 6,Tenure (De 6 a 12 Meses),100.0,345.0,W21
Live Chat,Delivery,CO,Customer,cannot place cash order (under antifraud review),Agent 129,Supervisor 13,Tenure (De 30 a 90 días),100.0,1077.0,W21
Live Chat,Delivery,MX,Customer,delivery verification code,Agent 207,Supervisor 6,Tenure (De 3 a 6 Meses),100.0,606.0,W21
Live Chat,Delivery,CO,Customer,food poisoning,Agent 3,Supervisor 3,Tenure (De 3 a 6 Meses),100.0,251.0,W21
Live Chat,Delivery,CO,Customer,modify phone number,Agent 64,Supervisor 1,Tenure (De 30 a 90 días),90.0,3418.0,W21
Live Chat,Delivery,MX,Customer,order invoice issues,Agent 237,Supervisor 15,New hire,100.0,1901.0,W21
Live Chat,Delivery,CR,Customer,rate another user,Agent 186,Supervisor 13,New hire,90.0,856.0,W21
Live Chat,Delivery,MX,Customer,scam,Agent 232,Supervisor 9,Tenure (De 30 a 90 días),100.0,1476.0,W21
Live Chat,Delivery,MX,Customer,scam,Agent 195,Supervisor 13,Tenure (De 30 a 90 días),100.0,1482.0,W21
Live Chat,Delivery,MX,Customer,Driver or store request to cancel order,Agent 13,Supervisor 1,Tenure (De 3 a 6 Meses),100.0,533.0,W21
Live Chat,Delivery,MX,Customer,Duplicated charge,Agent 122,Supervisor 4,Tenure (De 3 a 6 Meses),100.0,975.0,W21
Live Chat,Delivery,MX,Customer,incomplete order,Agent 235,Supervisor 4,Tenure (De 30 a 90 días),100.0,1239.0,W21
Live Chat,Delivery,MX,Customer,inedible order,Agent 24,Supervisor 3,Tenure (De 6 a 12 Meses),100.0,831.0,W21
Live Chat,Delivery,MX,Customer,order appears as completed but customer haven't receive it - full service,Agent 180,Supervisor 9,Tenure (De 3 a 6 Meses),100.0,1405.0,W21
Live Chat,Delivery,MX,Customer,refund status and conditions,Agent 59,Supervisor 27,Tenure (De 3 a 6 Meses),100.0,830.0,W21
Live Chat,Delivery,CO,Customer,After sales user fraud (under anti fraud review),Agent 240,Supervisor 16,Tenure (De 30 a 90 días),100.0,1229.0,W21
Live Chat,Delivery,MX,Customer,Damaged order,Agent 177,Supervisor 20,New hire,90.0,423.0,W21
Live Chat,Delivery,MX,Customer,Inedible order,Agent 31,Supervisor 14,Tenure (De 6 a 12 Meses),100.0,447.0,W21
Live Chat,Delivery,MX,Customer,Inedible order,Agent 116,Supervisor 3,Tenure (De 30 a 90 días),100.0,492.0,W21
Live Chat,Delivery,MX,Customer,Partnerships information,Agent 191,Supervisor 19,Tenure (De 30 a 90 días),100.0,746.0,W21
Live Chat,Delivery,MX,Customer,User disagrees with cancellation charge/debt,Agent 179,Supervisor 25,Tenure (De 6 a 12 Meses),100.0,2084.0,W21
Live Chat,Delivery,MX,Customer,delivery verification code,Agent 95,Supervisor 26,Tenure (De 3 a 6 Meses),90.0,530.0,W21
Live Chat,Delivery,MX,Customer,didi pay balance & top up,Agent 100,Supervisor 3,Tenure (De 30 a 90 días),100.0,552.0,W21
Live Chat,Delivery,MX,Customer,modify or add address,Agent 157,Supervisor 8,Tenure (De 30 a 90 días),100.0,131.0,W21
Live Chat,Delivery,CO,Customer,order is active but customer already received it,Agent 68,Supervisor 3,Tenure (De 30 a 90 días),100.0,299.0,W21
Live Chat,Delivery,CR,Customer,other business line,Agent 7,Supervisor 7,Tenure (De 6 a 12 Meses),100.0,148.0,W21
Live Chat,Delivery,CO,Customer,verbal aggression,Agent 119,Supervisor 9,Tenure (De 3 a 6 Meses),100.0,623.0,W21
Live Chat,Delivery,MX,Customer,Can't choose card as payment method (under antifraud review),Agent 110,Supervisor 3,Tenure (De 30 a 90 días),100.0,562.0,W21
Live Chat,Delivery,MX,Customer,Incomplete order,Agent 68,Supervisor 3,Tenure (De 30 a 90 días),100.0,509.0,W21
Live Chat,Delivery,MX,Customer,Online payment failure (under antifraud review),Agent 31,Supervisor 4,Tenure (De 6 a 12 Meses),100.0,36.0,W21
Live Chat,Delivery,MX,Customer,User disagrees with cancellation charge/debt,Agent 147,Supervisor 27,Tenure (De 6 a 12 Meses),100.0,720.0,W21
Live Chat,Delivery,MX,Customer,User disagrees with cancellation charge/debt,Agent 85,Supervisor 15,Tenure (De 30 a 90 días),100.0,401.0,W21
Live Chat,Delivery,MX,Customer,cannot place cash order (under antifraud review),Agent 181,Supervisor 19,Tenure (De 30 a 90 días),100.0,10.0,W21
Live Chat,Delivery,CO,Customer,delivery verification code,Agent 245,Supervisor 15,Tenure (De 30 a 90 días),100.0,411.0,W21
Live Chat,Delivery,MX,Customer,membership program renewal charge,Agent 138,Supervisor 20,New hire,100.0,384.0,W21
Live Chat,Delivery,MX,Customer,store promotions doubts,Agent 61,Supervisor 3,Tenure (De 30 a 90 días),100.0,542.0,W21
Live Chat,Delivery,CO,Customer,Duplicated charge,Agent 95,Supervisor 4,Tenure (De 3 a 6 Meses),100.0,1134.0,W21
Live Chat,Delivery,CR,Customer,User placed order with wrong information,Agent 191,Supervisor 8,Tenure (De 30 a 90 días),100.0,160.0,W21
Live Chat,Delivery,CO,Customer,cannot use my coupon (under antifraud review),Agent 61,Supervisor 3,Tenure (De 30 a 90 días),100.0,765.0,W21
Live Chat,Delivery,MX,Customer,delete account,Agent 180,Supervisor 9,Tenure (De 3 a 6 Meses),100.0,2175.0,W21
Live Chat,Delivery,MX,Customer,didi pay balance & top up,Agent 13,Supervisor 10,Tenure (De 30 a 90 días),100.0,84.0,W21
Live Chat,Delivery,CR,Customer,order appears as completed but customer haven't receive it - full service,Agent 40,Supervisor 1,Tenure (De 6 a 12 Meses),80.0,575.0,W21
Live Chat,Delivery,MX,Customer,order appears as completed but customer haven't receive it - full service,Agent 87,Supervisor 7,Tenure (De 3 a 6 Meses),100.0,180.0,W21
Live Chat,Delivery,MX,Customer,rate another user,Agent 131,Supervisor 26,Tenure (De 3 a 6 Meses),100.0,2287.0,W21
Live Chat,Delivery,MX,Customer,Driver or store request to cancel order,Agent 74,Supervisor 27,Tenure (De 30 a 90 días),100.0,513.0,W21
Live Chat,Delivery,CO,Customer,Incomplete order,Agent 65,Supervisor 4,Tenure (De 3 a 6 Meses),0.0,592.0,W21
Live Chat,Delivery,MX,Customer,Online payment failure (under antifraud review),Agent 63,Supervisor 4,Tenure (De 30 a 90 días),100.0,863.0,W21
Live Chat,Delivery,MX,Customer,User disagrees with cancellation charge/debt,Agent 237,Supervisor 20,New hire,100.0,596.0,W21
Live Chat,Delivery,CO,Customer,inedible order,Agent 80,Supervisor 3,Tenure (De 30 a 90 días),100.0,667.0,W21
Live Chat,Delivery,CO,Customer,membership program benefits,Agent 158,Supervisor 16,Tenure (De 30 a 90 días),100.0,1097.0,W21
Live Chat,Delivery,MX,Customer,order appears as completed but customer haven't receive it - full service,Agent 61,Supervisor 3,Tenure (De 30 a 90 días),100.0,375.0,W21
Live Chat,Delivery,MX,Customer,order is active but customer already received it,Agent 104,Supervisor 13,Tenure (De 3 a 6 Meses),100.0,320.0,W21
Live Chat,Delivery,MX,Customer,order is active but customer already received it,Agent 258,Supervisor 17,Tenure (De 30 a 90 días),100.0,492.0,W21
Live Chat,Delivery,CR,Customer,payment methods available,Agent 88,Supervisor 6,Tenure (De 30 a 90 días),100.0,415.0,W21
Live Chat,Delivery,MX,Customer,Can't choose card as payment method (under antifraud review),Agent 182,Supervisor 6,Tenure (De 3 a 6 Meses),100.0,865.0,W21
Live Chat,Delivery,CO,Customer,Courier overcharged me,Agent 101,Supervisor 8,Tenure (De 30 a 90 días),100.0,786.0,W21
Live Chat,Delivery,MX,Customer,Damaged order,Agent 234,Supervisor 8,Tenure (De 30 a 90 días),0.0,393.0,W21
Live Chat,Delivery,CO,Customer,Incomplete order,Agent 175,Supervisor 3,Tenure (Mas de 1 año),100.0,840.0,W21
Live Chat,Delivery,MX,Customer,Incomplete order,Agent 79,Supervisor 3,Tenure (De 30 a 90 días),100.0,143.0,W21
Live Chat,Delivery,CO,Customer,Incomplete order,Agent 169,Supervisor 19,Tenure (De 3 a 6 Meses),100.0,659.0,W21
Live Chat,Delivery,MX,Customer,Incomplete order,Agent 3,Supervisor 3,Tenure (De 3 a 6 Meses),100.0,442.0,W21
Live Chat,Delivery,MX,Customer,Inedible order,Agent 116,Supervisor 3,Tenure (De 30 a 90 días),100.0,528.0,W21
Live Chat,Delivery,CO,Customer,Issues while paying to courier,Agent 158,Supervisor 19,Tenure (De 30 a 90 días),100.0,1005.0,W21
Live Chat,Delivery,MX,Customer,User disagrees with cancellation charge/debt,Agent 123,Supervisor 16,Tenure (De 30 a 90 días),100.0,712.0,W21
Live Chat,Delivery,MX,Customer,User placed order with wrong information,Agent 64,Supervisor 1,Tenure (De 30 a 90 días),90.0,712.0,W21
Live Chat,Delivery,MX,Customer,User placed order with wrong information,Agent 102,Supervisor 6,New hire,100.0,566.0,W21
Live Chat,Delivery,MX,Customer,cannot place cash order (under antifraud review),Agent 109,Supervisor 20,New hire,100.0,762.0,W21
Live Chat,Delivery,CR,Customer,incomplete order,Agent 178,Supervisor 4,Tenure (De 3 a 6 Meses),100.0,1408.0,W21
Live Chat,Delivery,MX,Customer,order appears as completed but customer haven't receive it - full service,Agent 105,Supervisor 6,Tenure (De 6 a 12 Meses),100.0,742.0,W21
Live Chat,Delivery,MX,Customer,rate another user,Agent 100,Supervisor 19,Tenure (De 30 a 90 días),100.0,553.0,W21
Live Chat,Delivery,CO,Customer,settle a pending offline payment,Agent 201,Supervisor 25,Tenure (De 6 a 12 Meses),100.0,1042.0,W21
Live Chat,Delivery,MX,Customer,verification fee information,Agent 61,Supervisor 3,Tenure (De 30 a 90 días),100.0,1607.0,W21
Live Chat,Delivery,MX,Customer,Can't choose card as payment method (under antifraud review),Agent 140,Supervisor 15,New hire,90.0,1509.0,W21
Live Chat,Delivery,MX,Customer,Incomplete order,Agent 115,Supervisor 1,Tenure (De 30 a 90 días),100.0,1485.0,W21
Live Chat,Delivery,MX,Customer,Incomplete order,Agent 155,Supervisor 20,New hire,100.0,1371.0,W21
Live Chat,Delivery,MX,Customer,User disagrees with cancellation charge/debt,Agent 234,Supervisor 26,Tenure (De 30 a 90 días),100.0,1299.0,W21
Live Chat,Delivery,MX,Customer,User request order status or delay information,Agent 102,Supervisor 6,New hire,100.0,453.0,W21
Live Chat,Delivery,MX,Customer,modify phone number,Agent 56,Supervisor 6,Tenure (De 3 a 6 Meses),100.0,943.0,W21
Live Chat,Delivery,CO,Customer,order appears as completed but customer haven't receive it - full service,Agent 3,Supervisor 3,Tenure (De 3 a 6 Meses),100.0,651.0,W21
Live Chat,Delivery,MX,Customer,Can't choose card as payment method (under antifraud review),Agent 146,Supervisor 6,Tenure (De 6 a 12 Meses),100.0,1052.0,W21
Live Chat,Delivery,MX,Customer,User request order status or delay information,Agent 129,Supervisor 13,Tenure (De 30 a 90 días),100.0,36.0,W21
Live Chat,Delivery,MX,Customer,delivery verification code,Agent 170,Supervisor 6,Tenure (De 6 a 12 Meses),100.0,375.0,W21
Live Chat,Delivery,CO,Customer,membership program renewal charge,Agent 79,Supervisor 4,Tenure (De 30 a 90 días),100.0,537.0,W21
Live Chat,Delivery,CO,Customer,order appears as completed but customer haven't receive it - full service,Agent 65,Supervisor 4,Tenure (De 3 a 6 Meses),100.0,2014.0,W21
Live Chat,Delivery,MX,Customer,placing an order information,Agent 66,Supervisor 19,Tenure (De 3 a 6 Meses),100.0,899.0,W21
Live Chat,Delivery,CR,Customer,placing an order information,Agent 109,Supervisor 20,New hire,100.0,962.0,W21
Live Chat,Delivery,MX,Customer,refund status and conditions,Agent 105,Supervisor 6,Tenure (De 6 a 12 Meses),100.0,364.0,W21
Live Chat,Delivery,MX,Customer,terms and conditions,Agent 83,Supervisor 27,Tenure (De 3 a 6 Meses),100.0,779.0,W21
Live Chat,Delivery,MX,Customer,Courier overcharged me,Agent 171,Supervisor 27,New hire,90.0,947.0,W21
Live Chat,Delivery,CO,Customer,Driver or store request to cancel order,Agent 208,Supervisor 8,Tenure (De 30 a 90 días),100.0,3346.0,W21
Live Chat,Delivery,CO,Customer,Duplicated charge,Agent 186,Supervisor 13,New hire,100.0,786.0,W21
Live Chat,Delivery,MX,Customer,Inedible order,Agent 79,Supervisor 3,Tenure (De 30 a 90 días),100.0,209.0,W21
Live Chat,Delivery,MX,Customer,didi pay balance & top up,Agent 98,Supervisor 19,Tenure (De 30 a 90 días),100.0,597.0,W21
Live Chat,Delivery,CO,Customer,incomplete order,Agent 127,Supervisor 3,Tenure (De 3 a 6 Meses),100.0,1847.0,W21
Live Chat,Delivery,MX,Customer,membership program renewal charge,Agent 238,Supervisor 6,New hire,100.0,1552.0,W21
Live Chat,Delivery,MX,Customer,modify phone number,Agent 66,Supervisor 19,Tenure (De 3 a 6 Meses),100.0,213.0,W21
Live Chat,Delivery,CO,Customer,order appears as completed but customer haven't receive it - full service,Agent 196,Supervisor 26,Tenure (De 30 a 90 días),100.0,896.0,W21
Live Chat,Delivery,MX,Customer,refund status and conditions,Agent 85,Supervisor 15,Tenure (De 30 a 90 días),100.0,1062.0,W21
Live Chat,Delivery,CO,Customer,refund status and conditions,Agent 206,Supervisor 26,Tenure (De 30 a 90 días),100.0,325.0,W21
Live Chat,Delivery,MX,Customer,After sales user fraud (under anti fraud review),Agent 201,Supervisor 4,Tenure (De 6 a 12 Meses),100.0,563.0,W21
Live Chat,Delivery,MX,Customer,After sales user fraud (under anti fraud review),Agent 232,Supervisor 9,Tenure (De 30 a 90 días),100.0,266.0,W21
Live Chat,Delivery,MX,Customer,After sales user fraud (under anti fraud review),Agent 91,Supervisor 26,Tenure (De 6 a 12 Meses),100.0,1868.0,W21
Live Chat,Delivery,MX,Customer,Courier overcharged me,Agent 241,Supervisor 8,Tenure (De 30 a 90 días),100.0,734.0,W21
Live Chat,Delivery,CO,Customer,Incomplete order,Agent 68,Supervisor 3,Tenure (De 30 a 90 días),100.0,334.0,W21
Live Chat,Delivery,CO,Customer,Incomplete order,Agent 3,Supervisor 3,Tenure (De 3 a 6 Meses),100.0,725.0,W21
Live Chat,Delivery,MX,Customer,Inedible order,Agent 79,Supervisor 3,Tenure (De 30 a 90 días),100.0,158.0,W21
Live Chat,Delivery,MX,Customer,User disagrees with cancellation charge/debt,Agent 88,Supervisor 6,Tenure (De 30 a 90 días),100.0,788.0,W21
Live Chat,Delivery,MX,Customer,delivery verification code,Agent 158,Supervisor 19,Tenure (De 30 a 90 días),90.0,901.0,W21
Live Chat,Delivery,MX,Customer,inedible order,Agent 183,Supervisor 3,Tenure (De 6 a 12 Meses),100.0,673.0,W21
Live Chat,Delivery,MX,Customer,payment methods available,Agent 162,Supervisor 8,Tenure (De 30 a 90 días),80.0,486.0,W21
Live Chat,Delivery,MX,Customer,rate another user,Agent 198,Supervisor 13,Tenure (De 3 a 6 Meses),100.0,2130.0,W21
Live Chat,Delivery,MX,Customer,Account Stolen (under antifraud review),Agent 93,Supervisor 4,Tenure (De 30 a 90 días),100.0,1677.0,W21
Live Chat,Delivery,CO,Customer,Bank Card Stolen (under antifraud review),Agent 240,Supervisor 13,Tenure (De 30 a 90 días),100.0,1071.0,W21
Live Chat,Delivery,MX,Customer,Can't choose card as payment method (under antifraud review),Agent 102,Supervisor 20,New hire,100.0,116.0,W21
Live Chat,Delivery,CO,Customer,Duplicated charge,Agent 66,Supervisor 4,Tenure (De 3 a 6 Meses),0.0,789.0,W21
Live Chat,Delivery,MX,Customer,Duplicated charge,Agent 250,Supervisor 6,Tenure (De 3 a 6 Meses),100.0,1036.0,W21
Live Chat,Delivery,MX,Customer,Incomplete order,Agent 178,Supervisor 4,Tenure (De 3 a 6 Meses),100.0,993.0,W21
Live Chat,Delivery,CO,Customer,Issues while paying to courier,Agent 76,Supervisor 4,Tenure (De 3 a 6 Meses),100.0,232.0,W21
Live Chat,Delivery,CO,Customer,cannot place cash order (under antifraud review),Agent 235,Supervisor 4,Tenure (De 30 a 90 días),90.0,2186.0,W21
Live Chat,Delivery,CR,Customer,cannot use my coupon (under antifraud review),Agent 235,Supervisor 8,Tenure (De 30 a 90 días),80.0,618.0,W21
Live Chat,Delivery,PE,Customer,didi pay balance & top up,Agent 183,Supervisor 3,Tenure (De 6 a 12 Meses),100.0,522.0,W21
Live Chat,Delivery,CO,Customer,order appears as completed but customer haven't receive it - full service,Agent 233,Supervisor 9,Tenure (De 30 a 90 días),100.0,577.0,W21
Live Chat,Delivery,MX,Customer,refund status and conditions,Agent 122,Supervisor 4,Tenure (De 3 a 6 Meses),100.0,940.0,W21
Live Chat,Delivery,CR,Customer,verification fee information,Agent 71,Supervisor 4,Tenure (De 30 a 90 días),100.0,595.0,W21
Live Chat,Delivery,CO,Customer,After sales user fraud (under anti fraud review),Agent 98,Supervisor 19,Tenure (De 30 a 90 días),100.0,564.0,W21
Live Chat,Delivery,MX,Customer,Driver or store request to cancel order,Agent 118,Supervisor 1,Tenure (De 30 a 90 días),100.0,221.0,W21
Live Chat,Delivery,CO,Customer,Inedible order,Agent 68,Supervisor 3,Tenure (De 30 a 90 días),100.0,496.0,W21
Live Chat,Delivery,MX,Customer,Online payment failure (under antifraud review),Agent 94,Supervisor 13,Tenure (De 30 a 90 días),0.0,1906.0,W21
Live Chat,Delivery,MX,Customer,Online payment failure (under antifraud review),Agent 122,Supervisor 4,Tenure (De 3 a 6 Meses),100.0,1163.0,W21
Live Chat,Delivery,MX,Customer,User placed order with wrong information,Agent 186,Supervisor 20,New hire,100.0,756.0,W21
Live Chat,Delivery,MX,Customer,delete account,Agent 232,Supervisor 9,Tenure (De 30 a 90 días),100.0,1026.0,W21
Live Chat,Delivery,MX,Customer,delivery verification code,Agent 96,Supervisor 6,Tenure (De 3 a 6 Meses),100.0,709.0,W21
Live Chat,Delivery,MX,Customer,food poisoning,Agent 87,Supervisor 27,Tenure (De 3 a 6 Meses),100.0,409.0,W21
Live Chat,Delivery,MX,Customer,other business line,Agent 147,Supervisor 27,Tenure (De 6 a 12 Meses),100.0,1136.0,W21
Live Chat,Delivery,MX,Customer,settle a pending offline payment,Agent 205,Supervisor 26,Tenure (De 30 a 90 días),100.0,1215.0,W21
Live Chat,Delivery,MX,Customer,store promotions doubts,Agent 215,Supervisor 8,Tenure (De 30 a 90 días),100.0,437.0,W21
Live Chat,Delivery,CO,Customer,After sales user fraud (under anti fraud review),Agent 85,Supervisor 15,Tenure (De 30 a 90 días),100.0,712.0,W21
Live Chat,Delivery,MX,Customer,Courier overcharged me,Agent 180,Supervisor 9,Tenure (De 3 a 6 Meses),100.0,677.0,W21
Live Chat,Delivery,MX,Customer,Courier overcharged me,Agent 65,Supervisor 7,Tenure (De 3 a 6 Meses),100.0,1747.0,W21
Live Chat,Delivery,MX,Customer,Issues while paying to courier,Agent 209,Supervisor 13,Tenure (De 30 a 90 días),100.0,530.0,W21
Live Chat,Delivery,MX,Customer,incomplete order,Agent 76,Supervisor 4,Tenure (De 3 a 6 Meses),100.0,207.0,W21
Live Chat,Delivery,CR,Customer,inedible order,Agent 71,Supervisor 4,Tenure (De 30 a 90 días),100.0,1696.0,W21
Live Chat,Delivery,MX,Customer,pick up order at store,Agent 58,Supervisor 27,Tenure (De 30 a 90 días),100.0,1146.0,W21
Live Chat,Delivery,CO,Customer,placing an order information,Agent 213,Supervisor 20,New hire,100.0,406.0,W21
Live Chat,Delivery,MX,Customer,refund status and conditions,Agent 198,Supervisor 13,Tenure (De 3 a 6 Meses),90.0,810.0,W21
Live Chat,Delivery,MX,Customer,verification fee information,Agent 155,Supervisor 20,New hire,90.0,528.0,W21
Live Chat,Delivery,CO,Customer,After sales user fraud (under anti fraud review),Agent 136,Supervisor 6,Tenure (De 3 a 6 Meses),90.0,1284.0,W21
Live Chat,Delivery,MX,Customer,Can't choose card as payment method (under antifraud review),Agent 111,Supervisor 3,Tenure (De 6 a 12 Meses),100.0,204.0,W21
Live Chat,Delivery,MX,Customer,Driver or store request to cancel order,Agent 235,Supervisor 8,Tenure (De 30 a 90 días),100.0,875.0,W21
Live Chat,Delivery,MX,Customer,Incomplete order,Agent 167,Supervisor 3,Tenure (De 30 a 90 días),100.0,1008.0,W21
Live Chat,Delivery,CO,Customer,User don't want the order anymore,Agent 8,Supervisor 8,Tenure (De 30 a 90 días),0.0,117.0,W21
Live Chat,Delivery,MX,Customer,User request order status or delay information,Agent 96,Supervisor 6,Tenure (De 3 a 6 Meses),100.0,518.0,W21
Live Chat,Delivery,MX,Customer,business modalities information,Agent 98,Supervisor 19,Tenure (De 30 a 90 días),100.0,744.0,W21
Live Chat,Delivery,CO,Customer,cannot place cash order (under antifraud review),Agent 130,Supervisor 8,Tenure (De 30 a 90 días),100.0,618.0,W21
Live Chat,Delivery,MX,Customer,inedible order,Agent 115,Supervisor 1,Tenure (De 30 a 90 días),100.0,778.0,W21
Live Chat,Delivery,MX,Customer,membership program benefits,Agent 95,Supervisor 26,Tenure (De 3 a 6 Meses),100.0,1013.0,W21
Live Chat,Delivery,CR,Customer,refund status and conditions,Agent 164,Supervisor 19,Tenure (De 3 a 6 Meses),100.0,1277.0,W21
Live Chat,Delivery,MX,Customer,store registration,Agent 93,Supervisor 4,Tenure (De 30 a 90 días),100.0,431.0,W21
Live Chat,Delivery,MX,Customer,Account Stolen (under antifraud review),Agent 115,Supervisor 14,Tenure (De 30 a 90 días),90.0,647.0,W21
Live Chat,Delivery,MX,Customer,Bank Card Stolen (under antifraud review),Agent 62,Supervisor 20,New hire,90.0,281.0,W21
Live Chat,Delivery,MX,Customer,Can't choose card as payment method (under antifraud review),Agent 213,Supervisor 13,New hire,90.0,908.0,W21
Live Chat,Delivery,MX,Customer,Courier overcharged me,Agent 91,Supervisor 3,Tenure (De 6 a 12 Meses),80.0,898.0,W21
Live Chat,Delivery,MX,Customer,Damaged order,Agent 203,Supervisor 20,New hire,90.0,913.0,W21
Live Chat,Delivery,CO,Customer,Duplicated charge,Agent 138,Supervisor 27,New hire,100.0,1320.0,W21
Live Chat,Delivery,CO,Customer,Incomplete order,Agent 68,Supervisor 3,Tenure (De 30 a 90 días),100.0,1273.0,W21
Live Chat,Delivery,CO,Customer,Incomplete order,Agent 68,Supervisor 3,Tenure (De 30 a 90 días),100.0,1168.0,W21
Live Chat,Delivery,MX,Customer,Online payment failure (under antifraud review),Agent 187,Supervisor 13,New hire,90.0,856.0,W21
Live Chat,Delivery,CO,Customer,cannot place cash order (under antifraud review),Agent 187,Supervisor 20,New hire,100.0,42.0,W21
Live Chat,Delivery,MX,Customer,food poisoning,Agent 164,Supervisor 19,Tenure (De 3 a 6 Meses),100.0,978.0,W21
Live Chat,Delivery,MX,Customer,membership program benefits,Agent 123,Supervisor 16,Tenure (De 30 a 90 días),100.0,1096.0,W21
Live Chat,Delivery,MX,Customer,modify payment method,Agent 114,Supervisor 3,Tenure (De 3 a 6 Meses),100.0,607.0,W21
Live Chat,Delivery,CO,Customer,order appears as completed but customer haven't receive it - full service,Agent 258,Supervisor 17,Tenure (De 30 a 90 días),100.0,915.0,W21
Live Chat,Delivery,CO,Customer,referral coupon information,Agent 186,Supervisor 13,New hire,100.0,373.0,W21
Live Chat,Delivery,CO,Customer,store promotions doubts,Agent 98,Supervisor 8,Tenure (De 30 a 90 días),100.0,5.0,W21
Live Chat,Delivery,CO,Customer,terms and conditions,Agent 129,Supervisor 13,Tenure (De 3 a 6 Meses),100.0,1774.0,W21
Live Chat,Delivery,MX,Customer,Account Stolen (under antifraud review),Agent 238,Supervisor 20,New hire,100.0,41.0,W21
Live Chat,Delivery,MX,Customer,Bank Card Stolen (under antifraud review),Agent 245,Supervisor 1,Tenure (De 30 a 90 días),100.0,822.0,W21
Live Chat,Delivery,CO,Customer,Bank Card Stolen (under antifraud review),Agent 58,Supervisor 27,Tenure (De 30 a 90 días),100.0,1856.0,W21
Live Chat,Delivery,MX,Customer,Incomplete order,Agent 235,Supervisor 4,Tenure (De 30 a 90 días),100.0,273.0,W21
Live Chat,Delivery,MX,Customer,cannot place cash order (under antifraud review),Agent 205,Supervisor 13,Tenure (De 30 a 90 días),90.0,481.0,W21
Live Chat,Delivery,MX,Customer,cannot place cash order (under antifraud review),Agent 139,Supervisor 26,Tenure (De 3 a 6 Meses),100.0,371.0,W21
Live Chat,Delivery,MX,Customer,delete account,Agent 76,Supervisor 4,Tenure (De 3 a 6 Meses),100.0,895.0,W21
Live Chat,Delivery,CO,Customer,order appears as completed but customer haven't receive it - full service,Agent 233,Supervisor 8,Tenure (De 30 a 90 días),100.0,887.0,W21
Live Chat,Delivery,CO,Customer,order appears as completed but customer haven't receive it - full service,Agent 133,Supervisor 26,Tenure (De 30 a 90 días),100.0,1374.0,W21
Live Chat,Delivery,MX,Customer,other business line,Agent 237,Supervisor 15,New hire,100.0,1293.0,W21
Live Chat,Delivery,MX,Customer,store promotions doubts,Agent 179,Supervisor 25,Tenure (De 6 a 12 Meses),100.0,1949.0,W21
Live Chat,Delivery,MX,Customer,After sales user fraud (under anti fraud review),Agent 258,Supervisor 28,Tenure (De 30 a 90 días),100.0,2468.0,W21
Live Chat,Delivery,CO,Customer,Incomplete order,Agent 169,Supervisor 19,Tenure (De 3 a 6 Meses),100.0,336.0,W21
Live Chat,Delivery,MX,Customer,User disagrees with cancellation charge/debt,Agent 258,Supervisor 28,Tenure (De 30 a 90 días),100.0,497.0,W21
Live Chat,Delivery,MX,Customer,User placed order with wrong information,Agent 40,Supervisor 15,Tenure (De 6 a 12 Meses),100.0,1682.0,W21
Live Chat,Delivery,MX,Customer,access to personal data,Agent 213,Supervisor 13,New hire,90.0,410.0,W21
Live Chat,Delivery,MX,Customer,cannot place cash order (under antifraud review),Agent 209,Supervisor 13,Tenure (De 30 a 90 días),90.0,937.0,W21
Live Chat,Delivery,MX,Customer,inedible order,Agent 3,Supervisor 3,Tenure (De 3 a 6 Meses),100.0,383.0,W21
Live Chat,Delivery,PE,Customer,After sales user fraud (under anti fraud review),Agent 119,Supervisor 9,Tenure (De 3 a 6 Meses),100.0,448.0,W21
Live Chat,Delivery,CO,Customer,Incomplete order,Agent 24,Supervisor 3,Tenure (De 6 a 12 Meses),100.0,858.0,W21
Live Chat,Delivery,MX,Customer,incomplete order,Agent 103,Supervisor 4,Tenure (De 3 a 6 Meses),100.0,260.0,W21
Live Chat,Delivery,CO,Customer,refund status and conditions doubts,Agent 64,Supervisor 19,Tenure (De 30 a 90 días),100.0,1000.0,W21
Live Chat,Delivery,CO,Customer,verbal aggression,Agent 123,Supervisor 16,Tenure (De 30 a 90 días),100.0,794.0,W21
Live Chat,Delivery,CO,Customer,Account Stolen (under antifraud review),Agent 73,Supervisor 27,Tenure (De 3 a 6 Meses),100.0,1243.0,W21
Live Chat,Delivery,MX,Customer,Duplicated charge,Agent 146,Supervisor 6,Tenure (De 6 a 12 Meses),100.0,798.0,W21
Live Chat,Delivery,CO,Customer,Incomplete order,Agent 3,Supervisor 3,Tenure (De 3 a 6 Meses),100.0,367.0,W21
Live Chat,Delivery,CO,Customer,membership program renewal charge,Agent 139,Supervisor 3,Tenure (De 3 a 6 Meses),100.0,413.0,W21
Live Chat,Delivery,CO,Customer,refund status and conditions,Agent 57,Supervisor 27,Tenure (De 6 a 12 Meses),90.0,572.0,W21
Live Chat,Delivery,MX,Customer,terms and conditions,Agent 127,Supervisor 3,Tenure (De 3 a 6 Meses),100.0,787.0,W21
Live Chat,Delivery,CO,Customer,terms and conditions,Agent 200,Supervisor 4,Tenure (De 3 a 6 Meses),100.0,821.0,W21
Live Chat,Delivery,MX,Customer,Account Stolen (under antifraud review),Agent 24,Supervisor 3,Tenure (De 6 a 12 Meses),100.0,1213.0,W21
Live Chat,Delivery,CO,Customer,After sales user fraud (under anti fraud review),Agent 182,Supervisor 6,Tenure (De 3 a 6 Meses),80.0,842.0,W21
Live Chat,Delivery,MX,Customer,Incomplete order,Agent 178,Supervisor 4,Tenure (De 3 a 6 Meses),100.0,848.0,W21
Live Chat,Delivery,MX,Customer,Issues while paying to courier,Agent 94,Supervisor 26,Tenure (De 30 a 90 días),100.0,791.0,W21
Live Chat,Delivery,MX,Customer,order is active but customer already received it,Agent 259,Supervisor 7,Tenure (De 6 a 12 Meses),100.0,1168.0,W21
Live Chat,Delivery,CO,Customer,refund status and conditions,Agent 79,Supervisor 3,Tenure (De 30 a 90 días),100.0,397.0,W21
Live Chat,Delivery,MX,Customer,refund status and conditions,Agent 171,Supervisor 20,New hire,100.0,1519.0,W21
Live Chat,Delivery,MX,Customer,store promotions doubts,Agent 234,Supervisor 26,Tenure (De 30 a 90 días),100.0,448.0,W21
Live Chat,Delivery,MX,Customer,After sales user fraud (under anti fraud review),Agent 95,Supervisor 26,Tenure (De 3 a 6 Meses),100.0,252.0,W21
Live Chat,Delivery,PE,Customer,Can't choose card as payment method (under antifraud review),Agent 174,Supervisor 13,Tenure (De 6 a 12 Meses),100.0,411.0,W21
Live Chat,Delivery,CO,Customer,Duplicated charge,Agent 213,Supervisor 20,New hire,100.0,1323.0,W21
Live Chat,Delivery,CO,Customer,Incomplete order,Agent 169,Supervisor 19,Tenure (De 3 a 6 Meses),100.0,408.0,W21
Live Chat,Delivery,MX,Customer,modify or add address,Agent 130,Supervisor 27,Tenure (De 30 a 90 días),100.0,338.0,W21
Live Chat,Delivery,CO,Customer,order appears as completed but customer haven't receive it - full service,Agent 119,Supervisor 9,Tenure (De 3 a 6 Meses),100.0,658.0,W21
Live Chat,Delivery,CO,Customer,order invoice issues,Agent 232,Supervisor 8,Tenure (De 30 a 90 días),80.0,1122.0,W21
Live Chat,Delivery,CO,Customer,rate another user,Agent 210,Supervisor 4,Tenure (De 3 a 6 Meses),100.0,1235.0,W21
Live Chat,Delivery,MX,Customer,After sales user fraud (under anti fraud review),Agent 157,Supervisor 8,Tenure (De 30 a 90 días),100.0,1131.0,W21
Live Chat,Delivery,CO,Customer,Inedible order,Agent 175,Supervisor 3,Tenure (Mas de 1 año),100.0,731.0,W21
Live Chat,Delivery,MX,Customer,Inedible order,Agent 183,Supervisor 3,Tenure (De 6 a 12 Meses),100.0,648.0,W21
Live Chat,Delivery,CO,Customer,Inedible order,Agent 169,Supervisor 19,Tenure (De 3 a 6 Meses),100.0,748.0,W21
Live Chat,Delivery,MX,Customer,delivery verification code,Agent 259,Supervisor 7,Tenure (De 6 a 12 Meses),0.0,905.0,W21
Live Chat,Delivery,CO,Customer,driver mismatch,Agent 179,Supervisor 15,Tenure (De 6 a 12 Meses),100.0,935.0,W21
Live Chat,Delivery,CO,Customer,inedible order,Agent 80,Supervisor 3,Tenure (De 30 a 90 días),100.0,259.0,W21
Live Chat,Delivery,CO,Customer,membership program renewal charge,Agent 93,Supervisor 8,Tenure (De 30 a 90 días),90.0,2577.0,W21
Live Chat,Delivery,MX,Customer,settle a pending offline payment,Agent 137,Supervisor 26,Tenure (De 30 a 90 días),100.0,522.0,W21
Live Chat,Delivery,MX,Customer,settle a pending offline payment,Agent 190,Supervisor 8,Tenure (De 30 a 90 días),90.0,397.0,W21
Live Chat,Delivery,MX,Customer,wrong order,Agent 62,Supervisor 20,New hire,100.0,281.0,W21
Live Chat,Delivery,CO,Customer,After sales user fraud (under anti fraud review),Agent 245,Supervisor 1,Tenure (De 30 a 90 días),100.0,489.0,W21
Live Chat,Delivery,MX,Customer,Driver or store request to cancel order,Agent 169,Supervisor 19,Tenure (De 3 a 6 Meses),100.0,724.0,W21
Live Chat,Delivery,CO,Customer,Inedible order,Agent 65,Supervisor 4,Tenure (De 3 a 6 Meses),100.0,447.0,W21
Live Chat,Delivery,MX,Customer,Inedible order,Agent 158,Supervisor 19,Tenure (De 30 a 90 días),100.0,938.0,W21
Live Chat,Delivery,MX,Customer,Online payment failure (under antifraud review),Agent 24,Supervisor 3,Tenure (De 6 a 12 Meses),100.0,828.0,W21
Live Chat,Delivery,MX,Customer,User disagrees with cancellation charge/debt,Agent 238,Supervisor 6,New hire,0.0,1078.0,W21
Live Chat,Delivery,CO,Customer,membership program renewal charge,Agent 196,Supervisor 26,Tenure (De 30 a 90 días),100.0,1992.0,W21
Live Chat,Delivery,CO,Customer,membership program renewal charge,Agent 131,Supervisor 26,Tenure (De 3 a 6 Meses),100.0,576.0,W21
Live Chat,Delivery,MX,Customer,verification fee information,Agent 133,Supervisor 13,Tenure (De 30 a 90 días),100.0,2102.0,W21
Live Chat,Delivery,CO,Customer,Bank Card Stolen (under antifraud review),Agent 165,Supervisor 27,New hire,100.0,932.0,W21
Live Chat,Delivery,MX,Customer,Courier overcharged me,Agent 192,Supervisor 6,Tenure (De 3 a 6 Meses),100.0,290.0,W21
Live Chat,Delivery,MX,Customer,Inedible order,Agent 191,Supervisor 19,Tenure (De 30 a 90 días),100.0,878.0,W21
Live Chat,Delivery,PE,Customer,Inedible order,Agent 183,Supervisor 3,Tenure (De 6 a 12 Meses),90.0,1062.0,W21
Live Chat,Delivery,PE,Customer,incomplete order,Agent 61,Supervisor 3,Tenure (De 30 a 90 días),100.0,583.0,W21
Live Chat,Delivery,MX,Customer,inedible order,Agent 121,Supervisor 3,Tenure (De 30 a 90 días),100.0,645.0,W21
Live Chat,Delivery,CO,Customer,other business line,Agent 150,Supervisor 6,Tenure (De 3 a 6 Meses),100.0,476.0,W21
Live Chat,Delivery,MX,Customer,placing an order information,Agent 95,Supervisor 4,Tenure (De 3 a 6 Meses),100.0,591.0,W21
Live Chat,Delivery,CO,Customer,refund failed,Agent 83,Supervisor 7,Tenure (De 3 a 6 Meses),100.0,1455.0,W21
Live Chat,Delivery,MX,Customer,Courier overcharged me,Agent 94,Supervisor 13,Tenure (De 30 a 90 días),90.0,842.0,W21
Live Chat,Delivery,CO,Customer,Incomplete order,Agent 3,Supervisor 3,Tenure (De 3 a 6 Meses),100.0,699.0,W21
Live Chat,Delivery,MX,Customer,Inedible order,Agent 76,Supervisor 4,Tenure (De 3 a 6 Meses),100.0,717.0,W21
Live Chat,Delivery,MX,Customer,Inedible order,Agent 79,Supervisor 3,Tenure (De 30 a 90 días),100.0,174.0,W21
Live Chat,Delivery,MX,Customer,Inedible order,Agent 80,Supervisor 3,Tenure (De 30 a 90 días),100.0,405.0,W21
Live Chat,Delivery,MX,Customer,Online payment failure (under antifraud review),Agent 165,Supervisor 20,New hire,100.0,502.0,W21
Live Chat,Delivery,CO,Customer,delete account,Agent 172,Supervisor 26,Tenure (De 3 a 6 Meses),100.0,2430.0,W21
Live Chat,Delivery,MX,Customer,membership program benefits,Agent 68,Supervisor 3,Tenure (De 30 a 90 días),100.0,868.0,W21
Live Chat,Delivery,MX,Customer,membership program renewal charge,Agent 177,Supervisor 9,New hire,100.0,1177.0,W21
Live Chat,Delivery,MX,Customer,other business line,Agent 83,Supervisor 27,Tenure (De 3 a 6 Meses),100.0,445.0,W21
Live Chat,Delivery,MX,Customer,pick up order at store,Agent 115,Supervisor 14,Tenure (De 30 a 90 días),90.0,583.0,W21
Live Chat,Delivery,MX,Customer,placing an order information,Agent 195,Supervisor 13,Tenure (De 30 a 90 días),100.0,593.0,W21
Live Chat,Delivery,MX,Customer,rate another user,Agent 74,Supervisor 27,Tenure (De 3 a 6 Meses),100.0,814.0,W21
Live Chat,Delivery,CO,Customer,refund status and conditions,Agent 73,Supervisor 27,Tenure (De 3 a 6 Meses),100.0,1561.0,W21
Live Chat,Delivery,CO,Customer,After sales user fraud (under anti fraud review),Agent 241,Supervisor 9,Tenure (De 30 a 90 días),90.0,507.0,W21
Live Chat,Delivery,CO,Customer,Inedible order,Agent 68,Supervisor 3,Tenure (De 30 a 90 días),100.0,333.0,W21
Live Chat,Delivery,MX,Customer,Partnerships information,Agent 250,Supervisor 6,Tenure (De 3 a 6 Meses),100.0,1360.0,W21
Live Chat,Delivery,MX,Customer,User request order status or delay information,Agent 243,Supervisor 15,Tenure (De 6 a 12 Meses),100.0,570.0,W21
Live Chat,Delivery,CO,Customer,inedible order,Agent 85,Supervisor 1,Tenure (De 30 a 90 días),100.0,308.0,W21
Live Chat,Delivery,CO,Customer,membership program renewal charge,Agent 137,Supervisor 26,Tenure (De 30 a 90 días),90.0,1062.0,W21
Live Chat,Delivery,MX,Customer,Incomplete order,Agent 24,Supervisor 3,Tenure (De 6 a 12 Meses),100.0,573.0,W21
Live Chat,Delivery,MX,Customer,User placed order with wrong information,Agent 73,Supervisor 7,Tenure (De 3 a 6 Meses),100.0,639.0,W21
Live Chat,Delivery,MX,Customer,didi pay balance & top up,Agent 68,Supervisor 3,Tenure (De 30 a 90 días),100.0,1003.0,W21
Live Chat,Delivery,PE,Customer,order appears as completed but customer haven't receive it - full service,Agent 143,Supervisor 16,Tenure (De 30 a 90 días),100.0,465.0,W21
Live Chat,Delivery,MX,Customer,physical aggression,Agent 71,Supervisor 4,Tenure (De 30 a 90 días),100.0,3490.0,W21
Live Chat,Delivery,CO,Customer,Bank Card Stolen (under antifraud review),Agent 101,Supervisor 8,Tenure (De 30 a 90 días),100.0,939.0,W21
Live Chat,Delivery,CO,Customer,Courier overcharged me,Agent 85,Supervisor 1,Tenure (De 30 a 90 días),100.0,941.0,W21
Live Chat,Delivery,CO,Customer,Duplicated charge,Agent 167,Supervisor 8,Tenure (De 30 a 90 días),100.0,935.0,W21
Live Chat,Delivery,CO,Customer,Incomplete order,Agent 65,Supervisor 4,Tenure (De 3 a 6 Meses),100.0,1165.0,W21
Live Chat,Delivery,CO,Customer,didi pay balance & top up,Agent 77,Supervisor 26,Tenure (De 30 a 90 días),100.0,123.0,W21
Live Chat,Delivery,MX,Customer,membership program benefits,Agent 80,Supervisor 3,Tenure (De 30 a 90 días),100.0,1607.0,W21
Live Chat,Delivery,MX,Customer,membership program renewal charge,Agent 56,Supervisor 6,Tenure (De 3 a 6 Meses),90.0,461.0,W21
Live Chat,Delivery,MX,Customer,order appears as completed but customer haven't receive it - full service,Agent 183,Supervisor 3,Tenure (De 6 a 12 Meses),100.0,216.0,W21
Live Chat,Delivery,CO,Customer,order is active but customer already received it,Agent 196,Supervisor 26,Tenure (De 30 a 90 días),100.0,677.0,W21
Live Chat,Delivery,MX,Customer,placing an order information,Agent 170,Supervisor 6,Tenure (De 6 a 12 Meses),100.0,1152.0,W21
Live Chat,Delivery,MX,Customer,refund status and conditions,Agent 201,Supervisor 4,Tenure (De 6 a 12 Meses),90.0,689.0,W21
Live Chat,Delivery,MX,Customer,settle a pending offline payment,Agent 13,Supervisor 1,Tenure (De 30 a 90 días),100.0,436.0,W21
Live Chat,Delivery,MX,Customer,After sales user fraud (under anti fraud review),Agent 64,Supervisor 19,Tenure (De 30 a 90 días),100.0,1197.0,W21
Live Chat,Delivery,MX,Customer,Can't choose card as payment method (under antifraud review),Agent 110,Supervisor 3,Tenure (De 30 a 90 días),100.0,952.0,W21
Live Chat,Delivery,CO,Customer,User placed order with wrong information,Agent 121,Supervisor 3,Tenure (De 30 a 90 días),100.0,606.0,W21
Live Chat,Delivery,MX,Customer,User placed order with wrong information,Agent 156,Supervisor 13,Tenure (De 6 a 12 Meses),80.0,558.0,W21
Live Chat,Delivery,CO,Customer,membership program benefits,Agent 175,Supervisor 3,Tenure (Mas de 1 año),90.0,897.0,W21
Live Chat,Delivery,MX,Customer,payment methods available,Agent 165,Supervisor 20,New hire,100.0,922.0,W21
Live Chat,Delivery,CO,Customer,placing an order information,Agent 93,Supervisor 8,Tenure (De 30 a 90 días),100.0,16.0,W21
Live Chat,Delivery,CO,Customer,After sales user fraud (under anti fraud review),Agent 138,Supervisor 27,New hire,100.0,1676.0,W21
Live Chat,Delivery,MX,Customer,Can't choose card as payment method (under antifraud review),Agent 103,Supervisor 9,Tenure (De 3 a 6 Meses),100.0,966.0,W21
Live Chat,Delivery,CR,Customer,Courier overcharged me,Agent 69,Supervisor 21,Tenure (De 30 a 90 días),100.0,706.0,W21
Live Chat,Delivery,CO,Customer,Duplicated charge,Agent 193,Supervisor 6,Tenure (De 3 a 6 Meses),100.0,1426.0,W21
Live Chat,Delivery,CO,Customer,User disagrees with cancellation charge/debt,Agent 79,Supervisor 4,Tenure (De 30 a 90 días),100.0,396.0,W21
Live Chat,Delivery,MX,Customer,User placed order with wrong information,Agent 140,Supervisor 15,New hire,100.0,549.0,W21
Live Chat,Delivery,MX,Customer,didi pay balance & top up,Agent 157,Supervisor 27,Tenure (De 30 a 90 días),0.0,1679.0,W21
Live Chat,Delivery,MX,Customer,other business line,Agent 150,Supervisor 6,Tenure (De 3 a 6 Meses),100.0,821.0,W21
Live Chat,Delivery,MX,Customer,payment methods available,Agent 100,Supervisor 3,Tenure (De 30 a 90 días),90.0,235.0,W21
Live Chat,Delivery,CO,Customer,refund status and conditions,Agent 175,Supervisor 3,Tenure (Mas de 1 año),100.0,300.0,W21
Live Chat,Delivery,CO,Customer,After sales user fraud (under anti fraud review),Agent 172,Supervisor 4,Tenure (De 3 a 6 Meses),100.0,986.0,W21
Live Chat,Delivery,MX,Customer,Bank Card Stolen (under antifraud review),Agent 177,Supervisor 20,New hire,100.0,418.0,W21
Live Chat,Delivery,CO,Customer,Damaged order,Agent 120,Supervisor 20,New hire,90.0,833.0,W21
Live Chat,Delivery,CR,Customer,Incomplete order,Agent 65,Supervisor 4,Tenure (De 3 a 6 Meses),100.0,443.0,W21
Live Chat,Delivery,MX,Customer,Online payment failure (under antifraud review),Agent 241,Supervisor 8,Tenure (De 30 a 90 días),100.0,542.0,W21
Live Chat,Delivery,CO,Customer,cannot place cash order (under antifraud review),Agent 71,Supervisor 4,Tenure (De 30 a 90 días),90.0,1246.0,W21
Live Chat,Delivery,CO,Customer,payment methods available,Agent 178,Supervisor 4,Tenure (De 3 a 6 Meses),100.0,723.0,W21
Live Chat,Delivery,CO,Customer,verbal aggression,Agent 83,Supervisor 27,Tenure (De 3 a 6 Meses),100.0,1206.0,W21
Live Chat,Delivery,MX,Customer,After sales user fraud (under anti fraud review),Agent 123,Supervisor 16,Tenure (De 30 a 90 días),100.0,927.0,W21
Live Chat,Delivery,MX,Customer,Can't choose card as payment method (under antifraud review),Agent 130,Supervisor 27,Tenure (De 30 a 90 días),100.0,481.0,W21
Live Chat,Delivery,CO,Customer,Driver or store request to cancel order,Agent 151,Supervisor 15,Tenure (De 30 a 90 días),100.0,1997.0,W21
Live Chat,Delivery,MX,Customer,Driver or store request to cancel order,Agent 129,Supervisor 13,Tenure (De 3 a 6 Meses),100.0,975.0,W21
Live Chat,Delivery,MX,Customer,Driver or store request to cancel order,Agent 58,Supervisor 8,Tenure (De 30 a 90 días),100.0,1528.0,W21
Live Chat,Delivery,MX,Customer,Inedible order,Agent 79,Supervisor 3,Tenure (De 30 a 90 días),100.0,414.0,W21
Live Chat,Delivery,CO,Customer,Inedible order,Agent 80,Supervisor 3,Tenure (De 30 a 90 días),100.0,843.0,W21
Live Chat,Delivery,MX,Customer,cannot use my coupon (under antifraud review),Agent 178,Supervisor 4,Tenure (De 3 a 6 Meses),100.0,2416.0,W21
Live Chat,Delivery,CO,Customer,delivery fee information,Agent 190,Supervisor 8,Tenure (De 30 a 90 días),0.0,715.0,W21
Live Chat,Delivery,MX,Customer,didi pay balance & top up,Agent 63,Supervisor 4,Tenure (De 30 a 90 días),100.0,431.0,W21
Live Chat,Delivery,MX,Customer,didi pay balance & top up,Agent 91,Supervisor 26,Tenure (De 6 a 12 Meses),0.0,131.0,W21
Live Chat,Delivery,CO,Customer,order appears as completed but customer haven't receive it - full service,Agent 109,Supervisor 27,New hire,100.0,1298.0,W21
Live Chat,Delivery,CO,Customer,rate another user,Agent 169,Supervisor 19,Tenure (De 3 a 6 Meses),100.0,728.0,W21
Live Chat,Delivery,MX,Customer,settle a pending offline payment,Agent 170,Supervisor 6,Tenure (De 6 a 12 Meses),100.0,533.0,W21
Live Chat,Delivery,MX,Customer,Driver or store request to cancel order,Agent 109,Supervisor 27,New hire,100.0,569.0,W21
Live Chat,Delivery,MX,Customer,Online payment failure (under antifraud review),Agent 234,Supervisor 8,Tenure (De 30 a 90 días),90.0,936.0,W21
Live Chat,Delivery,MX,Customer,Partnerships information,Agent 193,Supervisor 6,Tenure (De 3 a 6 Meses),90.0,1301.0,W21
Live Chat,Delivery,MX,Customer,User disagrees with cancellation charge/debt,Agent 175,Supervisor 3,Tenure (Mas de 1 año),100.0,666.0,W21
Live Chat,Delivery,MX,Customer,User placed order with wrong information,Agent 105,Supervisor 6,Tenure (De 6 a 12 Meses),100.0,878.0,W21
Live Chat,Delivery,MX,Customer,User request order status or delay information,Agent 26,Supervisor 19,Tenure (De 6 a 12 Meses),100.0,667.0,W21
Live Chat,Delivery,MX,Customer,User request order status or delay information,Agent 111,Supervisor 3,Tenure (De 6 a 12 Meses),100.0,522.0,W21
Live Chat,Delivery,MX,Customer,cannot place cash order (under antifraud review),Agent 238,Supervisor 20,New hire,100.0,821.0,W21
Live Chat,Delivery,CO,Customer,cannot receive cash order (under antifraud review),Agent 207,Supervisor 6,Tenure (De 30 a 90 días),100.0,556.0,W21
Live Chat,Delivery,MX,Customer,delivery fee information,Agent 206,Supervisor 26,Tenure (De 30 a 90 días),100.0,868.0,W21
Live Chat,Delivery,MX,Customer,modify payment method,Agent 133,Supervisor 13,Tenure (De 30 a 90 días),0.0,310.0,W21
Live Chat,Delivery,MX,Customer,referral coupon information,Agent 189,Supervisor 20,New hire,0.0,532.0,W21
Live Chat,Delivery,CO,Customer,settle a pending offline payment,Agent 67,Supervisor 1,Tenure (De 3 a 6 Meses),100.0,326.0,W21
Live Chat,Delivery,MX,Customer,verification fee information,Agent 88,Supervisor 6,Tenure (De 30 a 90 días),100.0,56.0,W21
Live Chat,Delivery,MX,Customer,Account Stolen (under antifraud review),Agent 207,Supervisor 3,Tenure (De 30 a 90 días),100.0,862.0,W21
Live Chat,Delivery,MX,Customer,Bank Card Stolen (under antifraud review),Agent 181,Supervisor 15,Tenure (De 30 a 90 días),90.0,947.0,W21
Live Chat,Delivery,MX,Customer,Driver or store request to cancel order,Agent 169,Supervisor 19,Tenure (De 3 a 6 Meses),100.0,492.0,W21
Live Chat,Delivery,MX,Customer,Online payment failure (under antifraud review),Agent 189,Supervisor 20,New hire,100.0,692.0,W21
Live Chat,Delivery,MX,Customer,Online payment failure (under antifraud review),Agent 71,Supervisor 4,Tenure (De 30 a 90 días),100.0,84.0,W21
Live Chat,Delivery,MX,Customer,User don't want the order anymore,Agent 164,Supervisor 4,Tenure (De 3 a 6 Meses),100.0,984.0,W21
Live Chat,Delivery,MX,Customer,incomplete order,Agent 3,Supervisor 3,Tenure (De 3 a 6 Meses),100.0,778.0,W21
Live Chat,Delivery,MX,Customer,incomplete order,Agent 93,Supervisor 4,Tenure (De 30 a 90 días),100.0,1251.0,W21
Live Chat,Delivery,MX,Customer,membership program benefits,Agent 238,Supervisor 6,New hire,100.0,883.0,W21
Live Chat,Delivery,CO,Customer,membership program renewal charge,Agent 174,Supervisor 9,Tenure (De 6 a 12 Meses),90.0,672.0,W21
Live Chat,Delivery,CO,Customer,membership program renewal charge,Agent 118,Supervisor 1,Tenure (De 30 a 90 días),100.0,512.0,W21
Live Chat,Delivery,PE,Customer,refund status and conditions,Agent 57,Supervisor 27,Tenure (De 6 a 12 Meses),100.0,688.0,W21
Live Chat,Delivery,MX,Customer,terms and conditions,Agent 150,Supervisor 6,Tenure (De 3 a 6 Meses),100.0,668.0,W21
Live Chat,Delivery,CO,Customer,verification fee information,Agent 200,Supervisor 4,Tenure (De 3 a 6 Meses),100.0,378.0,W21
Live Chat,Delivery,CO,Customer,User disagrees with cancellation charge/debt-groceries,Agent 26,Supervisor 19,Tenure (De 6 a 12 Meses),100.0,2323.0,W21
Live Chat,Delivery,MX,Customer,User disagrees with cancellation charge/debt-groceries,Agent 67,Supervisor 9,Tenure (De 3 a 6 Meses),90.0,678.0,W21
Live Chat,Delivery,MX,Customer,membership program renewal charge,Agent 131,Supervisor 3,Tenure (De 3 a 6 Meses),100.0,290.0,W21
Live Chat,Delivery,CO,Customer,modify phone number,Agent 143,Supervisor 15,Tenure (De 30 a 90 días),100.0,375.0,W21
Live Chat,Delivery,MX,Customer,placing an order information,Agent 172,Supervisor 4,Tenure (De 3 a 6 Meses),100.0,2366.0,W21
Live Chat,Delivery,MX,Customer,refund status and conditions,Agent 40,Supervisor 15,Tenure (De 6 a 12 Meses),100.0,509.0,W21
Live Chat,Delivery,CO,Customer,Bank Card Stolen (under antifraud review),Agent 68,Supervisor 3,Tenure (De 30 a 90 días),90.0,855.0,W21
Live Chat,Delivery,MX,Customer,Driver or store request to cancel order,Agent 171,Supervisor 20,New hire,100.0,281.0,W21
Live Chat,Delivery,CO,Customer,Inedible order,Agent 235,Supervisor 4,Tenure (De 30 a 90 días),100.0,713.0,W21
Live Chat,Delivery,MX,Customer,didi pay balance & top up,Agent 208,Supervisor 8,Tenure (De 30 a 90 días),90.0,1005.0,W21
Live Chat,Delivery,CO,Customer,inedible order,Agent 175,Supervisor 3,Tenure (Mas de 1 año),100.0,1407.0,W21
Live Chat,Delivery,CO,Customer,order appears as completed but customer haven't receive it - full service,Agent 157,Supervisor 27,Tenure (De 30 a 90 días),100.0,1061.0,W21
Live Chat,Delivery,MX,Customer,placing an order information,Agent 181,Supervisor 15,Tenure (De 30 a 90 días),100.0,637.0,W21
Live Chat,Delivery,MX,Customer,rate another user,Agent 107,Supervisor 9,Tenure (De 3 a 6 Meses),100.0,1615.0,W21
Live Chat,Delivery,MX,Customer,rate another user,Agent 201,Supervisor 4,Tenure (De 6 a 12 Meses),100.0,1218.0,W21
Live Chat,Delivery,CO,Customer,stalking,Agent 7,Supervisor 4,Tenure (De 6 a 12 Meses),90.0,1261.0,W21
Live Chat,Delivery,MX,Customer,After sales user fraud (under anti fraud review),Agent 174,Supervisor 9,Tenure (De 6 a 12 Meses),100.0,543.0,W21
Live Chat,Delivery,MX,Customer,After sales user fraud (under anti fraud review),Agent 207,Supervisor 3,Tenure (De 30 a 90 días),90.0,384.0,W21
Live Chat,Delivery,CO,Customer,Bank Card Stolen (under antifraud review),Agent 69,Supervisor 29,Tenure (De 30 a 90 días),100.0,672.0,W21
Live Chat,Delivery,MX,Customer,Can't choose card as payment method (under antifraud review),Agent 170,Supervisor 6,Tenure (De 6 a 12 Meses),100.0,1153.0,W21
Live Chat,Delivery,MX,Customer,Damaged order,Agent 222,Supervisor 25,Tenure (De 6 a 12 Meses),100.0,1367.0,W21
Live Chat,Delivery,MX,Customer,Incomplete order,Agent 191,Supervisor 19,Tenure (De 30 a 90 días),100.0,668.0,W21
Live Chat,Delivery,CO,Customer,Inedible order,Agent 235,Supervisor 4,Tenure (De 30 a 90 días),100.0,2006.0,W21
Live Chat,Delivery,PE,Customer,Inedible order,Agent 80,Supervisor 3,Tenure (De 30 a 90 días),100.0,597.0,W21
Live Chat,Delivery,MX,Customer,Online payment failure (under antifraud review),Agent 69,Supervisor 21,Tenure (De 30 a 90 días),100.0,1051.0,W21
Live Chat,Delivery,MX,Customer,User placed order with wrong information,Agent 155,Supervisor 13,New hire,90.0,192.0,W21
Live Chat,Delivery,MX,Customer,food poisoning,Agent 58,Supervisor 27,Tenure (De 30 a 90 días),100.0,1064.0,W21
Live Chat,Delivery,MX,Customer,inedible order,Agent 114,Supervisor 3,Tenure (De 3 a 6 Meses),100.0,1430.0,W21
Live Chat,Delivery,MX,Customer,order appears as completed but customer haven't receive it - full service,Agent 121,Supervisor 3,Tenure (De 30 a 90 días),100.0,1379.0,W21
Live Chat,Delivery,MX,Customer,placing an order information,Agent 98,Supervisor 8,Tenure (De 30 a 90 días),100.0,1198.0,W21
Live Chat,Delivery,MX,Customer,Can't choose card as payment method (under antifraud review),Agent 167,Supervisor 8,Tenure (De 30 a 90 días),100.0,1367.0,W21
Live Chat,Delivery,CO,Customer,Can't choose card as payment method (under antifraud review),Agent 80,Supervisor 3,Tenure (De 30 a 90 días),100.0,1032.0,W21
Live Chat,Delivery,CO,Customer,Duplicated charge,Agent 139,Supervisor 26,Tenure (De 3 a 6 Meses),100.0,555.0,W21
Live Chat,Delivery,MX,Customer,Issues while paying to courier,Agent 116,Supervisor 3,Tenure (De 30 a 90 días),90.0,843.0,W21
Live Chat,Delivery,MX,Customer,Online payment failure (under antifraud review),Agent 250,Supervisor 6,Tenure (De 3 a 6 Meses),100.0,66.0,W21
Live Chat,Delivery,MX,Customer,cannot place cash order (under antifraud review),Agent 206,Supervisor 13,Tenure (De 30 a 90 días),100.0,940.0,W21
Live Chat,Delivery,CO,Customer,didi pay balance & top up,Agent 116,Supervisor 3,Tenure (De 30 a 90 días),0.0,886.0,W21
Live Chat,Delivery,MX,Customer,membership program renewal charge,Agent 102,Supervisor 6,New hire,100.0,1184.0,W21
Live Chat,Delivery,MX,Customer,modify phone number,Agent 241,Supervisor 9,Tenure (De 30 a 90 días),100.0,656.0,W21
Live Chat,Delivery,MX,Customer,payment methods available,Agent 158,Supervisor 19,Tenure (De 30 a 90 días),100.0,417.0,W21
Live Chat,Delivery,MX,Customer,After sales user fraud (under anti fraud review),Agent 66,Supervisor 4,Tenure (De 3 a 6 Meses),100.0,1302.0,W21
Live Chat,Delivery,MX,Customer,Incomplete order,Agent 100,Supervisor 19,Tenure (De 30 a 90 días),100.0,854.0,W21
Live Chat,Delivery,MX,Customer,Incomplete order,Agent 115,Supervisor 1,Tenure (De 30 a 90 días),100.0,456.0,W21
Live Chat,Delivery,MX,Customer,User don't want the order anymore,Agent 59,Supervisor 7,Tenure (De 3 a 6 Meses),100.0,644.0,W21
Live Chat,Delivery,MX,Customer,food poisoning,Agent 3,Supervisor 3,Tenure (De 3 a 6 Meses),100.0,1064.0,W21
Live Chat,Delivery,CO,Customer,rate another user,Agent 65,Supervisor 4,Tenure (De 3 a 6 Meses),100.0,679.0,W21
Live Chat,Delivery,CO,Customer,rate another user,Agent 94,Supervisor 26,Tenure (De 30 a 90 días),100.0,1442.0,W21
Live Chat,Delivery,CO,Customer,refund status and conditions,Agent 111,Supervisor 3,Tenure (De 6 a 12 Meses),100.0,512.0,W21
Live Chat,Delivery,CO,Customer,refund status and conditions doubts,Agent 118,Supervisor 19,Tenure (De 30 a 90 días),100.0,1167.0,W21
Live Chat,Delivery,CO,Customer,After sales user fraud (under anti fraud review),Agent 114,Supervisor 3,Tenure (De 3 a 6 Meses),90.0,1185.0,W21
Live Chat,Delivery,MX,Customer,Courier overcharged me,Agent 62,Supervisor 3,New hire,100.0,813.0,W21
Live Chat,Delivery,CO,Customer,Duplicated charge,Agent 103,Supervisor 4,Tenure (De 3 a 6 Meses),100.0,673.0,W21
Live Chat,Delivery,MX,Customer,User placed order with wrong information,Agent 154,Supervisor 27,Tenure (De 3 a 6 Meses),90.0,806.0,W21
Live Chat,Delivery,MX,Customer,cannot place cash order (under antifraud review),Agent 203,Supervisor 10,New hire,100.0,2.0,W21
Live Chat,Delivery,CO,Customer,inedible order,Agent 24,Supervisor 3,Tenure (De 6 a 12 Meses),100.0,950.0,W21
Live Chat,Delivery,CO,Customer,membership program renewal charge,Agent 235,Supervisor 4,Tenure (De 30 a 90 días),100.0,825.0,W21
Live Chat,Delivery,MX,Customer,order is active but customer already received it,Agent 198,Supervisor 13,Tenure (De 3 a 6 Meses),100.0,232.0,W21
Live Chat,Delivery,MX,Customer,other business line,Agent 115,Supervisor 1,Tenure (De 30 a 90 días),100.0,1322.0,W21
Live Chat,Delivery,MX,Customer,Bank Card Stolen (under antifraud review),Agent 116,Supervisor 3,Tenure (De 30 a 90 días),0.0,911.0,W21
Live Chat,Delivery,MX,Customer,Driver or store request to cancel order,Agent 73,Supervisor 27,Tenure (De 3 a 6 Meses),100.0,910.0,W21
Live Chat,Delivery,MX,Customer,Duplicated charge,Agent 26,Supervisor 13,Tenure (De 6 a 12 Meses),100.0,447.0,W21
Live Chat,Delivery,CO,Customer,Inedible order,Agent 68,Supervisor 3,Tenure (De 30 a 90 días),100.0,179.0,W21
Live Chat,Delivery,MX,Customer,Issues while paying to courier,Agent 69,Supervisor 29,Tenure (De 3 a 6 Meses),100.0,790.0,W21
Live Chat,Delivery,PE,Customer,Online payment failure (under antifraud review),Agent 13,Supervisor 1,Tenure (De 30 a 90 días),90.0,408.0,W21
Live Chat,Delivery,CO,Customer,delivery verification code,Agent 222,Supervisor 25,Tenure (De 6 a 12 Meses),100.0,272.0,W21
Phone,Delivery,MX,Customer,Wrong order,Agent 229,Supervisor 12,Tenure (Mas de 1 año),100.0,105.0,W22
Phone,Delivery,MX,Customer,Invalid contact,Agent 10,Supervisor 4,Tenure (De 6 a 12 Meses),100.0,70.0,W22
Phone,Delivery,MX,Customer,Inedible order,Agent 260,Supervisor 30,Tenure (Mas de 1 año),0.0,,W22
Phone,Delivery,MX,Customer,Issues while paying to courier,Agent 144,Supervisor 13,Tenure (Mas de 1 año),100.0,63.0,W22
Phone,Delivery,CO,Customer,Invalid contact,Agent 223,Supervisor 7,Tenure (De 3 a 6 Meses),100.0,58.0,W22
Phone,Delivery,MX,Customer,Damaged order,Agent 18,Supervisor 4,Tenure (De 6 a 12 Meses),100.0,9.0,W22
Phone,Delivery,CO,Customer,User disagrees with cancellation charge/debt,Agent 220,Supervisor 12,Tenure (Mas de 1 año),0.0,52.0,W22
Phone,Delivery,MX,Customer,Damaged order,Agent 259,Supervisor 17,Tenure (De 6 a 12 Meses),90.0,70.0,W22
Phone,Delivery,MX,Customer,Wrong order,Agent 188,Supervisor 24,Tenure (Mas de 1 año),100.0,62.0,W22
Phone,Delivery,MX,Customer,Invalid contact,Agent 9,Supervisor 9,Tenure (De 6 a 12 Meses),100.0,61.0,W22
Phone,Delivery,CO,Customer,Invalid contact,Agent 21,Supervisor 9,Tenure (De 6 a 12 Meses),100.0,39.0,W22
Phone,Delivery,MX,Customer,Order appears as completed but customer haven't receive it - full service,Agent 253,Supervisor 8,Tenure (De 30 a 90 días),0.0,72.0,W22
Phone,Delivery,CO,Customer,Wrong order,Agent 231,Supervisor 14,Tenure (De 30 a 90 días),100.0,46.0,W22
Phone,Delivery,MX,Customer,Order appears as completed but customer haven't receive it - full service,Agent 51,Supervisor 9,Tenure (De 6 a 12 Meses),90.0,8.0,W22
Phone,Delivery,MX,Customer,Order appears as completed but customer haven't receive it - full service,Agent 14,Supervisor 11,Tenure (Mas de 1 año),100.0,65.0,W22
Phone,Delivery,MX,Customer,User placed order with wrong information,Agent 197,Supervisor 12,Tenure (Mas de 1 año),0.0,67.0,W22
Phone,Delivery,MX,Customer,Order is active but customer already received it,Agent 11,Supervisor 9,Tenure (De 6 a 12 Meses),100.0,61.0,W22
Phone,Delivery,MX,Customer,Can't choose card as payment method (under antifraud review),Agent 4,Supervisor 4,Tenure (De 6 a 12 Meses),90.0,9.0,W22
Phone,Delivery,MX,Customer,Order is active but customer already received it,Agent 226,Supervisor 6,Tenure (De 6 a 12 Meses),100.0,9.0,W22
Phone,Delivery,MX,Customer,Invalid contact,Agent 226,Supervisor 6,Tenure (De 6 a 12 Meses),90.0,62.0,W22
Phone,Delivery,MX,Customer,Other business line,Agent 38,Supervisor 11,Tenure (Mas de 1 año),100.0,143.0,W22
Phone,Delivery,MX,Customer,User placed order with wrong information,Agent 188,Supervisor 24,Tenure (Mas de 1 año),100.0,60.0,W22
Phone,Delivery,MX,Customer,Verbal aggression,Agent 54,Supervisor 9,Tenure (De 3 a 6 Meses),90.0,69.0,W22
Phone,Delivery,MX,Customer,Damaged order,Agent 42,Supervisor 14,Tenure (De 30 a 90 días),90.0,55.0,W22
Phone,Delivery,MX,Customer,User request order status or delay information,Agent 261,Supervisor 23,Tenure (Mas de 1 año),100.0,96.0,W22
Phone,Delivery,MX,Customer,Wrong order,Agent 22,Supervisor 11,Tenure (Mas de 1 año),100.0,73.0,W22
Phone,Delivery,MX,Customer,Bank card stolen (under antifraud review),Agent 11,Supervisor 9,Tenure (De 6 a 12 Meses),90.0,82.0,W22
Phone,Delivery,MX,Customer,Rate another user,Agent 19,Supervisor 7,Tenure (De 6 a 12 Meses),100.0,110.0,W22
Phone,Delivery,CO,Customer,Invalid contact,Agent 49,Supervisor 17,Tenure (De 30 a 90 días),100.0,48.0,W22
Phone,Delivery,MX,Customer,Can't choose card as payment method (under antifraud review),Agent 54,Supervisor 9,Tenure (De 3 a 6 Meses),100.0,8.0,W22
Phone,Delivery,CO,Customer,Rate another user,Agent 14,Supervisor 11,Tenure (Mas de 1 año),100.0,54.0,W22
Phone,Delivery,MX,Customer,Damaged order,Agent 223,Supervisor 7,Tenure (De 3 a 6 Meses),100.0,70.0,W22
Phone,Delivery,MX,Customer,Wrong order,Agent 262,Supervisor 19,Tenure (De 3 a 6 Meses),90.0,104.0,W22
Phone,Delivery,MX,Customer,Cannot use my coupon (under antifraud review),Agent 224,Supervisor 24,Tenure (Mas de 1 año),100.0,60.0,W22
Phone,Delivery,MX,Customer,Wrong order,Agent 55,Supervisor 11,Tenure (De 6 a 12 Meses),90.0,82.0,W22
Phone,Delivery,MX,Customer,Wrong order,Agent 228,Supervisor 13,Tenure (De 6 a 12 Meses),0.0,61.0,W22
Phone,Delivery,MX,Customer,Placing an order information,Agent 36,Supervisor 9,Tenure (De 6 a 12 Meses),100.0,63.0,W22
Phone,Delivery,MX,Customer,User placed order with wrong information,Agent 259,Supervisor 17,Tenure (De 6 a 12 Meses),90.0,67.0,W22
Phone,Delivery,CO,Customer,Wrong order,Agent 254,Supervisor 23,Tenure (Mas de 1 año),0.0,9.0,W22
Phone,Delivery,MX,Customer,Wrong order,Agent 221,Supervisor 11,Tenure (Mas de 1 año),100.0,81.0,W22
Phone,Delivery,MX,Customer,Wrong order,Agent 135,Supervisor 12,Tenure (Mas de 1 año),100.0,95.0,W22
Phone,Delivery,MX,Customer,Order appears as completed but customer haven't receive it - full service,Agent 144,Supervisor 13,Tenure (Mas de 1 año),0.0,60.0,W22
Phone,Delivery,MX,Customer,Invalid contact,Agent 23,Supervisor 9,Tenure (De 6 a 12 Meses),100.0,72.0,W22
Phone,Delivery,MX,Customer,Wrong order,Agent 166,Supervisor 11,Tenure (Mas de 1 año),100.0,72.0,W22
Phone,Delivery,CR,Customer,Invalid contact,Agent 44,Supervisor 7,Tenure (De 30 a 90 días),100.0,72.0,W22
Phone,Delivery,MX,Customer,Refund status and conditions,Agent 22,Supervisor 11,Tenure (Mas de 1 año),100.0,51.0,W22
Phone,Delivery,MX,Customer,Invalid contact,Agent 20,Supervisor 10,Tenure (De 30 a 90 días),100.0,99.0,W22
Phone,Delivery,MX,Customer,Damaged order,Agent 50,Supervisor 7,Tenure (De 6 a 12 Meses),100.0,50.0,W22
Phone,Delivery,MX,Customer,Refund status and conditions,Agent 217,Supervisor 12,Tenure (Mas de 1 año),0.0,17.0,W22
Phone,Delivery,CO,Customer,User placed order with wrong information,Agent 253,Supervisor 8,Tenure (De 30 a 90 días),100.0,98.0,W22
Phone,Delivery,CO,Customer,Order appears as completed but customer haven't receive it - full service,Agent 29,Supervisor 9,Tenure (De 6 a 12 Meses),100.0,43.0,W22
Phone,Delivery,CO,Customer,User disagrees with cancellation charge/debt,Agent 90,Supervisor 12,Tenure (Mas de 1 año),100.0,64.0,W22
Live Chat,Delivery,CR,Customer,Courier overcharged me,Agent 237,Supervisor 15,Tenure (De 30 a 90 días),100.0,824.0,W22
Live Chat,Delivery,MX,Customer,didi pay balance & top up,Agent 213,Supervisor 13,Tenure (De 30 a 90 días),100.0,861.0,W22
Phone,Delivery,MX,Customer,Order is active but customer already received it,Agent 82,Supervisor 11,Tenure (Mas de 1 año),0.0,108.0,W22
Phone,Delivery,MX,Customer,Damaged order,Agent 15,Supervisor 12,Tenure (Mas de 1 año),100.0,62.0,W22
Live Chat,Delivery,MX,Customer,Driver or store request to cancel order,Agent 120,Supervisor 6,Tenure (De 30 a 90 días),100.0,563.0,W22
Live Chat,Delivery,MX,Customer,Incomplete order,Agent 100,Supervisor 19,Tenure (De 30 a 90 días),0.0,461.0,W22
Live Chat,Delivery,MX,Customer,Inedible order,Agent 68,Supervisor 3,Tenure (De 30 a 90 días),100.0,314.0,W22
Live Chat,Delivery,MX,Customer,Inedible order,Agent 169,Supervisor 19,Tenure (De 3 a 6 Meses),100.0,516.0,W22
Live Chat,Delivery,MX,Customer,Inedible order,Agent 101,Supervisor 4,Tenure (De 3 a 6 Meses),100.0,276.0,W22
Live Chat,Delivery,CO,Customer,Inedible order,Agent 26,Supervisor 19,Tenure (De 6 a 12 Meses),100.0,477.0,W22
Live Chat,Delivery,MX,Customer,User disagrees with cancellation charge/debt,Agent 169,Supervisor 19,Tenure (De 3 a 6 Meses),100.0,952.0,W22
Live Chat,Delivery,MX,Customer,order is active but customer already received it,Agent 40,Supervisor 15,Tenure (De 6 a 12 Meses),100.0,384.0,W22
Live Chat,Delivery,MX,Customer,refund status and conditions,Agent 154,Supervisor 27,Tenure (De 3 a 6 Meses),100.0,647.0,W22
Live Chat,Delivery,CO,Customer,refund status and conditions doubts,Agent 146,Supervisor 6,Tenure (De 6 a 12 Meses),100.0,338.0,W22
Live Chat,Delivery,CO,Customer,Damaged order,Agent 96,Supervisor 6,Tenure (De 3 a 6 Meses),100.0,215.0,W22
Live Chat,Delivery,CO,Customer,Duplicated charge,Agent 80,Supervisor 3,Tenure (De 30 a 90 días),100.0,904.0,W22
Live Chat,Delivery,CO,Customer,Incomplete order,Agent 169,Supervisor 19,Tenure (De 3 a 6 Meses),100.0,339.0,W22
Live Chat,Delivery,PE,Customer,Inedible order,Agent 65,Supervisor 4,Tenure (De 3 a 6 Meses),100.0,475.0,W22
Live Chat,Delivery,MX,Customer,didi pay balance & top up,Agent 177,Supervisor 9,Tenure (De 30 a 90 días),90.0,1661.0,W22
Live Chat,Delivery,MX,Customer,membership program renewal charge,Agent 61,Supervisor 3,Tenure (De 30 a 90 días),100.0,68.0,W22
Live Chat,Delivery,MX,Customer,order appears as completed but customer haven't receive it - full service,Agent 192,Supervisor 6,Tenure (De 3 a 6 Meses),100.0,270.0,W22
Live Chat,Delivery,MX,Customer,order appears as completed but customer haven't receive it - groceries,Agent 190,Supervisor 26,Tenure (De 30 a 90 días),100.0,113.0,W22
Live Chat,Delivery,CO,Customer,rate another user,Agent 138,Supervisor 27,Tenure (De 30 a 90 días),100.0,583.0,W22
Live Chat,Delivery,CO,Customer,review order history,Agent 66,Supervisor 19,Tenure (De 3 a 6 Meses),100.0,487.0,W22
Live Chat,Delivery,MX,Customer,Incomplete order,Agent 100,Supervisor 19,Tenure (De 30 a 90 días),100.0,1319.0,W22
Live Chat,Delivery,MX,Customer,membership program benefits,Agent 62,Supervisor 3,Tenure (De 30 a 90 días),100.0,1088.0,W22
Live Chat,Delivery,MX,Customer,refund status and conditions doubts,Agent 201,Supervisor 4,Tenure (De 6 a 12 Meses),100.0,1080.0,W22
Live Chat,Delivery,MX,Customer,Bank Card Stolen (under antifraud review),Agent 186,Supervisor 13,Tenure (De 30 a 90 días),100.0,1151.0,W22
Live Chat,Delivery,CO,Customer,Incomplete order,Agent 121,Supervisor 3,Tenure (De 30 a 90 días),100.0,531.0,W22
Live Chat,Delivery,MX,Customer,Incomplete order,Agent 26,Supervisor 19,Tenure (De 6 a 12 Meses),100.0,728.0,W22
Live Chat,Delivery,MX,Customer,Inedible order,Agent 235,Supervisor 4,Tenure (De 30 a 90 días),100.0,491.0,W22
Live Chat,Delivery,MX,Customer,Inedible order,Agent 26,Supervisor 19,Tenure (De 6 a 12 Meses),100.0,890.0,W22
Live Chat,Delivery,MX,Customer,Courier hasn´t arrived,Agent 157,Supervisor 27,Tenure (De 30 a 90 días),100.0,402.0,W22
Live Chat,Delivery,MX,Customer,Incomplete order,Agent 181,Supervisor 19,Tenure (De 30 a 90 días),100.0,683.0,W22
Live Chat,Delivery,MX,Customer,Incomplete order,Agent 115,Supervisor 1,Tenure (De 30 a 90 días),100.0,770.0,W22
Live Chat,Delivery,MX,Customer,User placed order with wrong information,Agent 190,Supervisor 26,Tenure (De 30 a 90 días),100.0,372.0,W22
Live Chat,Delivery,CO,Customer,store promotions doubts,Agent 187,Supervisor 13,Tenure (De 30 a 90 días),100.0,25.0,W22
Live Chat,Delivery,MX,Customer,After sales user fraud (under anti fraud review),Agent 101,Supervisor 4,Tenure (De 30 a 90 días),100.0,454.0,W22
Live Chat,Delivery,PE,Customer,After sales user fraud (under anti fraud review),Agent 80,Supervisor 3,Tenure (De 30 a 90 días),100.0,656.0,W22
Live Chat,Delivery,CO,Customer,Duplicated charge,Agent 70,Supervisor 4,Tenure (De 6 a 12 Meses),100.0,1295.0,W22
Live Chat,Delivery,MX,Customer,Incomplete order,Agent 95,Supervisor 26,Tenure (De 3 a 6 Meses),100.0,1174.0,W22
Live Chat,Delivery,MX,Customer,Incomplete order,Agent 181,Supervisor 19,Tenure (De 30 a 90 días),100.0,1198.0,W22
Live Chat,Delivery,MX,Customer,User disagrees with cancellation charge/debt,Agent 234,Supervisor 26,Tenure (De 30 a 90 días),100.0,2657.0,W22
Live Chat,Delivery,CR,Customer,cannot use my coupon (under antifraud review),Agent 102,Supervisor 6,Tenure (De 30 a 90 días),100.0,752.0,W22
Live Chat,Delivery,CR,Customer,inedible order,Agent 26,Supervisor 19,Tenure (De 6 a 12 Meses),100.0,706.0,W22
Live Chat,Delivery,MX,Customer,order is active but customer already received it,Agent 164,Supervisor 19,Tenure (De 3 a 6 Meses),100.0,185.0,W22
Live Chat,Delivery,MX,Customer,rate another user,Agent 87,Supervisor 27,Tenure (De 3 a 6 Meses),100.0,685.0,W22
Live Chat,Delivery,CO,Customer,rate another user,Agent 210,Supervisor 4,Tenure (De 3 a 6 Meses),100.0,915.0,W22
Live Chat,Delivery,CO,Customer,After sales user fraud (under anti fraud review),Agent 136,Supervisor 6,Tenure (De 3 a 6 Meses),100.0,419.0,W22
Live Chat,Delivery,MX,Customer,Driver or store request to cancel order,Agent 234,Supervisor 26,Tenure (De 30 a 90 días),100.0,686.0,W22
Live Chat,Delivery,MX,Customer,Incomplete order,Agent 169,Supervisor 19,Tenure (De 3 a 6 Meses),100.0,470.0,W22
Live Chat,Delivery,CR,Customer,User request order status or delay information,Agent 235,Supervisor 4,Tenure (De 30 a 90 días),100.0,1017.0,W22
Live Chat,Delivery,CO,Customer,membership program benefits,Agent 209,Supervisor 26,Tenure (De 30 a 90 días),90.0,922.0,W22
Live Chat,Delivery,MX,Customer,modify or add address,Agent 203,Supervisor 10,Tenure (De 30 a 90 días),0.0,812.0,W22
Live Chat,Delivery,CO,Customer,Inedible order,Agent 3,Supervisor 3,Tenure (De 3 a 6 Meses),100.0,478.0,W22
Live Chat,Delivery,MX,Customer,User request order status or delay information,Agent 234,Supervisor 26,Tenure (De 30 a 90 días),100.0,937.0,W22
Live Chat,Delivery,MX,Customer,incomplete order,Agent 116,Supervisor 3,Tenure (De 30 a 90 días),100.0,764.0,W22
Live Chat,Delivery,CO,Customer,membership program renewal charge,Agent 140,Supervisor 15,Tenure (De 30 a 90 días),100.0,2163.0,W22
Live Chat,Delivery,MX,Customer,membership program renewal charge,Agent 171,Supervisor 27,Tenure (De 30 a 90 días),100.0,667.0,W22
Live Chat,Delivery,MX,Customer,Can't choose card as payment method (under antifraud review),Agent 45,Supervisor 13,Tenure (De 6 a 12 Meses),100.0,1784.0,W22
Live Chat,Delivery,MX,Customer,Courier overcharged me,Agent 155,Supervisor 13,Tenure (De 30 a 90 días),100.0,48.0,W22
Live Chat,Delivery,CR,Customer,Incomplete order,Agent 3,Supervisor 3,Tenure (De 3 a 6 Meses),100.0,307.0,W22
Live Chat,Delivery,CO,Customer,Inedible order,Agent 101,Supervisor 4,Tenure (De 3 a 6 Meses),100.0,488.0,W22
Live Chat,Delivery,CO,Customer,Inedible order,Agent 68,Supervisor 3,Tenure (De 30 a 90 días),100.0,658.0,W22
Live Chat,Delivery,MX,Customer,delete account,Agent 98,Supervisor 19,Tenure (De 30 a 90 días),100.0,432.0,W22
Live Chat,Delivery,MX,Customer,didi pay balance & top up,Agent 95,Supervisor 26,Tenure (De 3 a 6 Meses),100.0,613.0,W22
Live Chat,Delivery,MX,Customer,membership program renewal charge,Agent 102,Supervisor 6,Tenure (De 30 a 90 días),100.0,1286.0,W22
Live Chat,Delivery,CR,Customer,order appears as completed but customer haven't receive it - full service,Agent 206,Supervisor 26,Tenure (De 30 a 90 días),100.0,630.0,W22
Live Chat,Delivery,MX,Customer,referral coupon information,Agent 191,Supervisor 19,Tenure (De 30 a 90 días),100.0,1424.0,W22
Live Chat,Delivery,PE,Customer,refund failed,Agent 138,Supervisor 27,Tenure (De 30 a 90 días),100.0,3373.0,W22
Live Chat,Delivery,MX,Customer,refund status and conditions doubts,Agent 109,Supervisor 27,Tenure (De 30 a 90 días),100.0,50.0,W22
Live Chat,Delivery,CO,Customer,Incomplete order,Agent 3,Supervisor 3,Tenure (De 3 a 6 Meses),100.0,62.0,W22
Live Chat,Delivery,CR,Customer,Inedible order,Agent 64,Supervisor 19,Tenure (De 30 a 90 días),100.0,959.0,W22
Live Chat,Delivery,MX,Customer,User disagrees with cancellation charge/debt,Agent 105,Supervisor 6,Tenure (De 6 a 12 Meses),100.0,1997.0,W22
Live Chat,Delivery,MX,Customer,modify or add address,Agent 95,Supervisor 26,Tenure (De 3 a 6 Meses),100.0,1353.0,W22
Live Chat,Delivery,CO,Customer,refund status and conditions,Agent 241,Supervisor 9,Tenure (De 30 a 90 días),100.0,223.0,W22
Live Chat,Delivery,MX,Customer,Account Stolen (under antifraud review),Agent 155,Supervisor 13,Tenure (De 30 a 90 días),100.0,2013.0,W22
Live Chat,Delivery,MX,Customer,After sales user fraud (under anti fraud review),Agent 98,Supervisor 19,Tenure (De 30 a 90 días),100.0,1255.0,W22
Live Chat,Delivery,CO,Customer,After sales user fraud (under anti fraud review),Agent 57,Supervisor 27,Tenure (De 6 a 12 Meses),100.0,391.0,W22
Live Chat,Delivery,PE,Customer,Incomplete order,Agent 3,Supervisor 3,Tenure (De 3 a 6 Meses),100.0,358.0,W22
Live Chat,Delivery,CO,Customer,incomplete order,Agent 191,Supervisor 19,Tenure (De 30 a 90 días),100.0,577.0,W22
Live Chat,Delivery,MX,Customer,modify phone number,Agent 100,Supervisor 19,Tenure (De 30 a 90 días),100.0,538.0,W22
Live Chat,Delivery,MX,Customer,After sales user fraud (under anti fraud review),Agent 186,Supervisor 13,Tenure (De 30 a 90 días),100.0,1204.0,W22
Live Chat,Delivery,CO,Customer,Duplicated charge,Agent 24,Supervisor 3,Tenure (De 6 a 12 Meses),100.0,668.0,W22
Live Chat,Delivery,MX,Customer,Incomplete order,Agent 95,Supervisor 26,Tenure (De 3 a 6 Meses),100.0,986.0,W22
Live Chat,Delivery,MX,Customer,Incomplete order,Agent 3,Supervisor 3,Tenure (De 3 a 6 Meses),100.0,584.0,W22
Live Chat,Delivery,MX,Customer,User don't want the order anymore,Agent 238,Supervisor 6,Tenure (De 30 a 90 días),100.0,257.0,W22
Live Chat,Delivery,MX,Customer,delivery fee information,Agent 157,Supervisor 27,Tenure (De 30 a 90 días),100.0,154.0,W22
Live Chat,Delivery,PE,Customer,membership program renewal charge,Agent 240,Supervisor 13,Tenure (De 30 a 90 días),100.0,1549.0,W22
Live Chat,Delivery,CO,Customer,order appears as completed but customer haven't receive it - full service,Agent 109,Supervisor 27,Tenure (De 30 a 90 días),100.0,1279.0,W22
Live Chat,Delivery,MX,Customer,other business line,Agent 183,Supervisor 3,Tenure (De 6 a 12 Meses),100.0,209.0,W22
Live Chat,Delivery,CO,Customer,rate another user,Agent 62,Supervisor 3,Tenure (De 30 a 90 días),100.0,1547.0,W22
Live Chat,Delivery,MX,Customer,referral coupon information,Agent 138,Supervisor 27,Tenure (De 30 a 90 días),100.0,877.0,W22
Live Chat,Delivery,MX,Customer,refund status and conditions,Agent 85,Supervisor 15,Tenure (De 30 a 90 días),100.0,1361.0,W22
Live Chat,Delivery,MX,Customer,settle a pending offline payment,Agent 177,Supervisor 9,Tenure (De 30 a 90 días),100.0,738.0,W22
Live Chat,Delivery,MX,Customer,Account Stolen (under antifraud review),Agent 140,Supervisor 15,Tenure (De 30 a 90 días),100.0,2790.0,W22
Live Chat,Delivery,MX,Customer,Inedible order,Agent 65,Supervisor 4,Tenure (De 3 a 6 Meses),100.0,1024.0,W22
Live Chat,Delivery,MX,Customer,User disagrees with cancellation charge/debt,Agent 157,Supervisor 27,Tenure (De 30 a 90 días),100.0,509.0,W22
Live Chat,Delivery,MX,Customer,cannot share my referral promocode (under antifraud review),Agent 187,Supervisor 13,Tenure (De 30 a 90 días),100.0,582.0,W22
Live Chat,Delivery,MX,Customer,order appears as completed but customer haven't receive it - full service,Agent 147,Supervisor 27,Tenure (De 6 a 12 Meses),100.0,859.0,W22
Live Chat,Delivery,MX,Customer,order is active but customer already received it,Agent 109,Supervisor 27,Tenure (De 30 a 90 días),100.0,1049.0,W22
Live Chat,Delivery,MX,Customer,rate another user,Agent 165,Supervisor 27,Tenure (De 30 a 90 días),100.0,720.0,W22
Live Chat,Delivery,MX,Customer,refund status and conditions,Agent 169,Supervisor 19,Tenure (De 3 a 6 Meses),100.0,306.0,W22
Live Chat,Delivery,CO,Customer,refund status and conditions,Agent 192,Supervisor 6,Tenure (De 3 a 6 Meses),100.0,664.0,W22
Live Chat,Delivery,MX,Customer,Bank Card Stolen (under antifraud review),Agent 209,Supervisor 26,Tenure (De 30 a 90 días),100.0,2144.0,W22
Live Chat,Delivery,MX,Customer,Driver or store request to cancel order,Agent 164,Supervisor 19,Tenure (De 3 a 6 Meses),100.0,487.0,W22
Live Chat,Delivery,CO,Customer,Duplicated charge,Agent 7,Supervisor 4,Tenure (De 6 a 12 Meses),100.0,546.0,W22
Live Chat,Delivery,PE,Customer,Incomplete order,Agent 80,Supervisor 3,Tenure (De 30 a 90 días),100.0,628.0,W22
Live Chat,Delivery,CR,Customer,Incomplete order,Agent 64,Supervisor 19,Tenure (De 30 a 90 días),100.0,169.0,W22
Live Chat,Delivery,CR,Customer,Incomplete order,Agent 79,Supervisor 3,Tenure (De 30 a 90 días),100.0,184.0,W22
Live Chat,Delivery,MX,Customer,User don't want the order anymore,Agent 156,Supervisor 26,Tenure (De 6 a 12 Meses),100.0,619.0,W22
Live Chat,Delivery,CO,Customer,delivery fee information,Agent 116,Supervisor 3,Tenure (De 30 a 90 días),100.0,1611.0,W22
Live Chat,Delivery,MX,Customer,order appears as completed but customer haven't receive it - full service,Agent 157,Supervisor 27,Tenure (De 30 a 90 días),100.0,882.0,W22
Live Chat,Delivery,MX,Customer,refund status and conditions,Agent 79,Supervisor 3,Tenure (De 30 a 90 días),90.0,534.0,W22
Live Chat,Delivery,MX,Customer,store promotions doubts,Agent 127,Supervisor 3,Tenure (De 3 a 6 Meses),100.0,1017.0,W22
Live Chat,Delivery,CO,Customer,Courier overcharged me,Agent 133,Supervisor 26,Tenure (De 30 a 90 días),100.0,1098.0,W22
Live Chat,Delivery,MX,Customer,Incomplete order,Agent 71,Supervisor 4,Tenure (De 30 a 90 días),100.0,488.0,W22
Live Chat,Delivery,MX,Customer,Online payment failure (under antifraud review),Agent 69,Supervisor 29,Tenure (De 3 a 6 Meses),100.0,537.0,W22
Live Chat,Delivery,CO,Customer,membership program renewal charge,Agent 172,Supervisor 26,Tenure (De 3 a 6 Meses),100.0,1536.0,W22
Live Chat,Delivery,MX,Customer,order is active but customer already received it,Agent 74,Supervisor 27,Tenure (De 3 a 6 Meses),100.0,728.0,W22
Live Chat,Delivery,CR,Customer,Courier overcharged me,Agent 65,Supervisor 4,Tenure (De 3 a 6 Meses),0.0,1915.0,W22
Live Chat,Delivery,CO,Customer,Duplicated charge,Agent 171,Supervisor 27,Tenure (De 30 a 90 días),0.0,3116.0,W22
Live Chat,Delivery,CO,Customer,Inedible order,Agent 235,Supervisor 4,Tenure (De 30 a 90 días),100.0,473.0,W22
Live Chat,Delivery,MX,Customer,Inedible order,Agent 164,Supervisor 19,Tenure (De 3 a 6 Meses),90.0,699.0,W22
Live Chat,Delivery,PE,Customer,Issues while paying to courier,Agent 237,Supervisor 15,Tenure (De 30 a 90 días),90.0,763.0,W22
Live Chat,Delivery,MX,Customer,Online payment failure (under antifraud review),Agent 71,Supervisor 4,Tenure (De 30 a 90 días),100.0,514.0,W22
Live Chat,Delivery,MX,Customer,inedible order,Agent 79,Supervisor 3,Tenure (De 30 a 90 días),100.0,603.0,W22
Live Chat,Delivery,CO,Customer,invalid contact,Agent 139,Supervisor 26,Tenure (De 3 a 6 Meses),100.0,416.0,W22
Live Chat,Delivery,MX,Customer,membership program benefits,Agent 111,Supervisor 3,Tenure (De 6 a 12 Meses),100.0,671.0,W22
Live Chat,Delivery,MX,Customer,other business line,Agent 147,Supervisor 27,Tenure (De 6 a 12 Meses),100.0,1310.0,W22
Live Chat,Delivery,CO,Customer,other business line,Agent 87,Supervisor 27,Tenure (De 3 a 6 Meses),100.0,264.0,W22
Live Chat,Delivery,CO,Customer,placing an order information,Agent 45,Supervisor 13,Tenure (De 6 a 12 Meses),100.0,17.0,W22
Live Chat,Delivery,MX,Customer,Incomplete order,Agent 3,Supervisor 3,Tenure (De 3 a 6 Meses),100.0,802.0,W22
Live Chat,Delivery,MX,Customer,Inedible order,Agent 3,Supervisor 3,Tenure (De 3 a 6 Meses),100.0,609.0,W22
Live Chat,Delivery,MX,Customer,become a driver or shopper,Agent 158,Supervisor 19,Tenure (De 30 a 90 días),0.0,526.0,W22
Live Chat,Delivery,MX,Customer,driver mismatch,Agent 234,Supervisor 26,Tenure (De 30 a 90 días),100.0,2038.0,W22
Live Chat,Delivery,MX,Customer,modify phone number,Agent 13,Supervisor 1,Tenure (De 3 a 6 Meses),100.0,706.0,W22
Live Chat,Delivery,CR,Customer,payment methods available,Agent 165,Supervisor 27,Tenure (De 30 a 90 días),100.0,34.0,W22
Live Chat,Delivery,MX,Customer,placing an order information,Agent 140,Supervisor 15,Tenure (De 30 a 90 días),100.0,500.0,W22
Live Chat,Delivery,MX,Customer,terms and conditions,Agent 98,Supervisor 19,Tenure (De 30 a 90 días),100.0,1922.0,W22
Live Chat,Delivery,MX,Customer,After sales user fraud (under anti fraud review),Agent 104,Supervisor 13,Tenure (De 3 a 6 Meses),100.0,576.0,W22
Live Chat,Delivery,MX,Customer,Driver or store request to cancel order,Agent 241,Supervisor 9,Tenure (De 30 a 90 días),100.0,166.0,W22
Live Chat,Delivery,CO,Customer,Duplicated charge,Agent 256,Supervisor 28,Tenure (De 6 a 12 Meses),90.0,2339.0,W22
Live Chat,Delivery,MX,Customer,Online payment failure (under antifraud review),Agent 245,Supervisor 15,Tenure (De 30 a 90 días),100.0,642.0,W22
Live Chat,Delivery,MX,Customer,Online payment failure (under antifraud review),Agent 191,Supervisor 19,Tenure (De 30 a 90 días),100.0,751.0,W22
Live Chat,Delivery,MX,Customer,User placed order with wrong information,Agent 169,Supervisor 19,Tenure (De 3 a 6 Meses),100.0,1044.0,W22
Live Chat,Delivery,CO,Customer,User request order status or delay information,Agent 136,Supervisor 6,Tenure (De 3 a 6 Meses),100.0,503.0,W22
Live Chat,Delivery,CR,Customer,incomplete order,Agent 164,Supervisor 19,Tenure (De 3 a 6 Meses),100.0,519.0,W22
Live Chat,Delivery,MX,Customer,order appears as completed but customer haven't receive it - full service,Agent 263,Supervisor 3,Tenure (Mas de 1 año),100.0,,W22
Live Chat,Delivery,MX,Customer,refund status and conditions doubts,Agent 109,Supervisor 27,Tenure (De 30 a 90 días),100.0,0.0,W22
Live Chat,Delivery,MX,Customer,verification fee information,Agent 13,Supervisor 1,Tenure (De 3 a 6 Meses),100.0,1082.0,W22
Live Chat,Delivery,MX,Customer,Courier overcharged me,Agent 151,Supervisor 15,Tenure (De 30 a 90 días),100.0,613.0,W22
Live Chat,Delivery,MX,Customer,Incomplete order,Agent 13,Supervisor 1,Tenure (De 3 a 6 Meses),100.0,617.0,W22
Live Chat,Delivery,MX,Customer,Inedible order,Agent 101,Supervisor 4,Tenure (De 3 a 6 Meses),100.0,1242.0,W22
Live Chat,Delivery,MX,Customer,delete account,Agent 213,Supervisor 13,Tenure (De 30 a 90 días),100.0,357.0,W22
Live Chat,Delivery,CO,Customer,inedible order,Agent 3,Supervisor 3,Tenure (De 3 a 6 Meses),100.0,184.0,W22
Live Chat,Delivery,CO,Customer,order appears as completed but customer haven't receive it - full service,Agent 35,Supervisor 1,Tenure (De 6 a 12 Meses),100.0,471.0,W22
Live Chat,Delivery,MX,Customer,Courier overcharged me,,,Tenure (Mas de 1 año),100.0,,W22
Live Chat,Delivery,CO,Customer,Driver or store request to cancel order,Agent 150,Supervisor 6,Tenure (De 3 a 6 Meses),100.0,386.0,W22
Live Chat,Delivery,CO,Customer,Incomplete order,Agent 26,Supervisor 19,Tenure (De 6 a 12 Meses),100.0,1413.0,W22
Live Chat,Delivery,MX,Customer,Issues while paying to courier,Agent 71,Supervisor 4,Tenure (De 30 a 90 días),100.0,704.0,W22
Live Chat,Delivery,MX,Customer,Online payment failure (under antifraud review),Agent 238,Supervisor 6,Tenure (De 30 a 90 días),100.0,97.0,W22
Live Chat,Delivery,MX,Customer,membership program renewal charge,Agent 190,Supervisor 26,Tenure (De 30 a 90 días),0.0,360.0,W22
Live Chat,Delivery,MX,Customer,membership program renewal charge,Agent 139,Supervisor 26,Tenure (De 3 a 6 Meses),100.0,976.0,W22
Live Chat,Delivery,CO,Customer,scam,Agent 200,Supervisor 4,Tenure (De 3 a 6 Meses),100.0,926.0,W22
Live Chat,Delivery,CO,Customer,Courier overcharged me,Agent 191,Supervisor 19,Tenure (De 30 a 90 días),100.0,2067.0,W22
Live Chat,Delivery,MX,Customer,Incomplete order,Agent 190,Supervisor 26,Tenure (De 30 a 90 días),100.0,583.0,W22
Live Chat,Delivery,MX,Customer,Inedible order,Agent 190,Supervisor 26,Tenure (De 30 a 90 días),100.0,484.0,W22
Live Chat,Delivery,CO,Customer,Inedible order,Agent 80,Supervisor 3,Tenure (De 30 a 90 días),100.0,678.0,W22
Live Chat,Delivery,MX,Customer,order appears as completed but customer haven't receive it - full service,Agent 123,Supervisor 16,Tenure (De 30 a 90 días),100.0,991.0,W22
Live Chat,Delivery,CR,Customer,refund status and conditions,Agent 59,Supervisor 27,Tenure (De 3 a 6 Meses),100.0,416.0,W22
Live Chat,Delivery,MX,Customer,After sales user fraud (under anti fraud review),Agent 165,Supervisor 27,Tenure (De 30 a 90 días),100.0,1058.0,W22
Live Chat,Delivery,CO,Customer,Bank Card Stolen (under antifraud review),Agent 13,Supervisor 1,Tenure (De 3 a 6 Meses),90.0,397.0,W22
Live Chat,Delivery,MX,Customer,Incomplete order,Agent 235,Supervisor 4,Tenure (De 30 a 90 días),100.0,173.0,W22
Live Chat,Delivery,MX,Customer,Inedible order,Agent 69,Supervisor 29,Tenure (De 3 a 6 Meses),100.0,942.0,W22
Live Chat,Delivery,MX,Customer,Inedible order,Agent 64,Supervisor 19,Tenure (De 30 a 90 días),100.0,429.0,W22
Live Chat,Delivery,CO,Customer,cannot place cash order (under antifraud review),Agent 171,Supervisor 27,Tenure (De 30 a 90 días),90.0,446.0,W22
Live Chat,Delivery,CR,Customer,After sales user fraud (under anti fraud review),Agent 66,Supervisor 19,Tenure (De 3 a 6 Meses),100.0,685.0,W22
Live Chat,Delivery,MX,Customer,Incomplete order,Agent 26,Supervisor 19,Tenure (De 6 a 12 Meses),100.0,863.0,W22
Live Chat,Delivery,CO,Customer,User request order status or delay information,Agent 80,Supervisor 3,Tenure (De 30 a 90 días),100.0,955.0,W22
Live Chat,Delivery,CO,Customer,refund status and conditions,Agent 237,Supervisor 15,Tenure (De 30 a 90 días),90.0,817.0,W22
Live Chat,Delivery,MX,Customer,verification fee information,Agent 120,Supervisor 6,Tenure (De 30 a 90 días),100.0,1094.0,W22
Live Chat,Delivery,CO,Customer,After sales user fraud (under anti fraud review),Agent 180,Supervisor 9,Tenure (De 3 a 6 Meses),100.0,224.0,W22
Live Chat,Delivery,CO,Customer,Bank Card Stolen (under antifraud review),Agent 76,Supervisor 4,Tenure (De 3 a 6 Meses),100.0,1643.0,W22
Live Chat,Delivery,CO,Customer,apply coupon to pay an order(Non-AF),Agent 238,Supervisor 6,Tenure (De 30 a 90 días),100.0,428.0,W22
Live Chat,Delivery,MX,Customer,didi pay balance & top up,Agent 129,Supervisor 13,Tenure (De 3 a 6 Meses),100.0,823.0,W22
Live Chat,Delivery,MX,Customer,incomplete order,Agent 62,Supervisor 3,Tenure (De 30 a 90 días),100.0,573.0,W22
Live Chat,Delivery,CO,Customer,inedible order,Agent 167,Supervisor 3,Tenure (De 30 a 90 días),100.0,1036.0,W22
Live Chat,Delivery,MX,Customer,order appears as completed but customer haven't receive it - full service,Agent 85,Supervisor 15,Tenure (De 30 a 90 días),100.0,2148.0,W22
Live Chat,Delivery,PE,Customer,verification fee information,Agent 62,Supervisor 3,Tenure (De 30 a 90 días),100.0,1094.0,W22
Live Chat,Delivery,MX,Customer,Driver or store request to cancel order,Agent 85,Supervisor 15,Tenure (De 30 a 90 días),100.0,838.0,W22
Live Chat,Delivery,CO,Customer,Duplicated charge,Agent 139,Supervisor 26,Tenure (De 3 a 6 Meses),100.0,611.0,W22
Live Chat,Delivery,MX,Customer,Duplicated charge,Agent 146,Supervisor 6,Tenure (De 6 a 12 Meses),100.0,798.0,W22
Live Chat,Delivery,CO,Customer,didi pay balance & top up,Agent 131,Supervisor 26,Tenure (De 3 a 6 Meses),100.0,987.0,W22
Live Chat,Delivery,CO,Customer,membership program benefits,Agent 167,Supervisor 3,Tenure (De 30 a 90 días),100.0,713.0,W22
Live Chat,Delivery,MX,Customer,membership program benefits,Agent 186,Supervisor 13,Tenure (De 30 a 90 días),100.0,125.0,W22
Live Chat,Delivery,MX,Customer,other business line,Agent 68,Supervisor 3,Tenure (De 30 a 90 días),100.0,774.0,W22
Live Chat,Delivery,MX,Customer,refund status and conditions,Agent 121,Supervisor 3,Tenure (De 30 a 90 días),100.0,981.0,W22
Live Chat,Delivery,CO,Customer,Inedible order,Agent 65,Supervisor 4,Tenure (De 3 a 6 Meses),100.0,664.0,W22
Live Chat,Delivery,MX,Customer,User don't want the order anymore,Agent 244,Supervisor 6,Tenure (De 6 a 12 Meses),100.0,926.0,W22
Live Chat,Delivery,MX,Customer,didi pay balance & top up,Agent 57,Supervisor 27,Tenure (De 6 a 12 Meses),100.0,1048.0,W22
Live Chat,Delivery,MX,Customer,incomplete order,Agent 3,Supervisor 3,Tenure (De 3 a 6 Meses),100.0,631.0,W22
Live Chat,Delivery,MX,Customer,membership program renewal charge,Agent 100,Supervisor 19,Tenure (De 30 a 90 días),90.0,2051.0,W22
Live Chat,Delivery,CO,Customer,Courier overcharged me,Agent 65,Supervisor 4,Tenure (De 3 a 6 Meses),100.0,2081.0,W22
Live Chat,Delivery,CO,Customer,Incomplete order,Agent 98,Supervisor 19,Tenure (De 30 a 90 días),100.0,927.0,W22
Live Chat,Delivery,CR,Customer,inedible order,Agent 62,Supervisor 3,Tenure (De 30 a 90 días),100.0,846.0,W22
Live Chat,Delivery,MX,Customer,order invoice issues,Agent 171,Supervisor 27,Tenure (De 30 a 90 días),100.0,1034.0,W22
Live Chat,Delivery,CO,Customer,After sales user fraud (under anti fraud review),Agent 178,Supervisor 4,Tenure (De 3 a 6 Meses),100.0,682.0,W22
Live Chat,Delivery,MX,Customer,Bank Card Stolen (under antifraud review),Agent 140,Supervisor 15,Tenure (De 30 a 90 días),100.0,2354.0,W22
Live Chat,Delivery,MX,Customer,Bank Card Stolen (under antifraud review),Agent 203,Supervisor 10,Tenure (De 30 a 90 días),0.0,4416.0,W22
Live Chat,Delivery,MX,Customer,Incomplete order,Agent 64,Supervisor 19,Tenure (De 30 a 90 días),100.0,120.0,W22
Live Chat,Delivery,MX,Customer,Incomplete order,Agent 62,Supervisor 3,Tenure (De 30 a 90 días),100.0,978.0,W22
Live Chat,Delivery,MX,Customer,Incomplete order,Agent 167,Supervisor 3,Tenure (De 30 a 90 días),100.0,295.0,W22
Live Chat,Delivery,CO,Customer,cannot place cash order (under antifraud review),Agent 98,Supervisor 19,Tenure (De 30 a 90 días),100.0,256.0,W22
Live Chat,Delivery,MX,Customer,membership program renewal charge,Agent 232,Supervisor 9,Tenure (De 30 a 90 días),100.0,645.0,W22
Live Chat,Delivery,CO,Customer,placing an order information,Agent 245,Supervisor 15,Tenure (De 30 a 90 días),100.0,158.0,W22
Live Chat,Delivery,MX,Customer,verification fee information,Agent 98,Supervisor 19,Tenure (De 30 a 90 días),100.0,503.0,W22
Live Chat,Delivery,MX,Customer,Incomplete order,Agent 64,Supervisor 19,Tenure (De 30 a 90 días),100.0,422.0,W22
Live Chat,Delivery,MX,Customer,Inedible order,Agent 191,Supervisor 19,Tenure (De 30 a 90 días),100.0,647.0,W22
Live Chat,Delivery,MX,Customer,User placed order with wrong information,Agent 165,Supervisor 27,Tenure (De 30 a 90 días),100.0,533.0,W22
Live Chat,Delivery,MX,Customer,cannot place cash order (under antifraud review),Agent 79,Supervisor 3,Tenure (De 30 a 90 días),100.0,1196.0,W22
Live Chat,Delivery,MX,Customer,modify or add address,Agent 232,Supervisor 9,Tenure (De 30 a 90 días),100.0,113.0,W22
Live Chat,Delivery,CO,Customer,modify phone number,Agent 116,Supervisor 3,Tenure (De 30 a 90 días),100.0,1348.0,W22
Live Chat,Delivery,MX,Customer,Account Stolen (under antifraud review),Agent 150,Supervisor 6,Tenure (De 3 a 6 Meses),90.0,632.0,W22
Live Chat,Delivery,MX,Customer,Incomplete order,Agent 114,Supervisor 3,Tenure (De 3 a 6 Meses),100.0,1228.0,W22
Live Chat,Delivery,CR,Customer,Incomplete order,Agent 65,Supervisor 4,Tenure (De 3 a 6 Meses),100.0,599.0,W22
Live Chat,Delivery,MX,Customer,Inedible order,Agent 3,Supervisor 3,Tenure (De 3 a 6 Meses),100.0,320.0,W22
Live Chat,Delivery,MX,Customer,User placed order with wrong information,Agent 213,Supervisor 13,Tenure (De 30 a 90 días),100.0,77.0,W22
Live Chat,Delivery,CO,Customer,membership program renewal charge,Agent 256,Supervisor 28,Tenure (De 6 a 12 Meses),90.0,972.0,W22
Live Chat,Delivery,MX,Customer,order appears as completed but customer haven't receive it - full service,Agent 172,Supervisor 26,Tenure (De 3 a 6 Meses),100.0,871.0,W22
Live Chat,Delivery,CO,Customer,Incomplete order,Agent 114,Supervisor 3,Tenure (De 3 a 6 Meses),100.0,1067.0,W22
Live Chat,Delivery,CO,Customer,Inedible order,Agent 169,Supervisor 19,Tenure (De 3 a 6 Meses),100.0,530.0,W22
Live Chat,Delivery,MX,Customer,modify phone number,Agent 123,Supervisor 16,Tenure (De 3 a 6 Meses),100.0,487.0,W22
Live Chat,Delivery,CO,Customer,order appears as completed but customer haven't receive it - full service,Agent 59,Supervisor 27,Tenure (De 3 a 6 Meses),100.0,707.0,W22
Live Chat,Delivery,MX,Customer,order appears as completed but customer haven't receive it - full service,Agent 58,Supervisor 27,Tenure (De 30 a 90 días),100.0,470.0,W22
Live Chat,Delivery,MX,Customer,order appears as completed but customer haven't receive it - full service,Agent 101,Supervisor 4,Tenure (De 30 a 90 días),100.0,50.0,W22
Live Chat,Delivery,MX,Customer,order appears as completed but customer haven't receive it - full service,Agent 140,Supervisor 15,Tenure (De 30 a 90 días),100.0,1408.0,W22
Live Chat,Delivery,MX,Customer,order is active but customer already received it,Agent 151,Supervisor 15,Tenure (De 30 a 90 días),90.0,1022.0,W22
Live Chat,Delivery,MX,Customer,After sales user fraud (under anti fraud review),Agent 130,Supervisor 27,Tenure (De 30 a 90 días),100.0,753.0,W22
Live Chat,Delivery,MX,Customer,Incomplete order,Agent 26,Supervisor 19,Tenure (De 6 a 12 Meses),100.0,1364.0,W22
Live Chat,Delivery,CO,Customer,membership program renewal charge,Agent 137,Supervisor 26,Tenure (De 3 a 6 Meses),100.0,526.0,W22
Live Chat,Delivery,CO,Customer,order appears as completed but customer haven't receive it - full service,Agent 58,Supervisor 27,Tenure (De 30 a 90 días),100.0,648.0,W22
Live Chat,Delivery,MX,Customer,order invoice issues,Agent 73,Supervisor 27,Tenure (De 3 a 6 Meses),100.0,1647.0,W22
Live Chat,Delivery,MX,Customer,placing an order information,Agent 120,Supervisor 6,Tenure (De 30 a 90 días),100.0,5.0,W22
Live Chat,Delivery,CO,Customer,refund status and conditions,Agent 233,Supervisor 9,Tenure (De 30 a 90 días),100.0,488.0,W22
Live Chat,Delivery,CO,Customer,refund status and conditions doubts,Agent 205,Supervisor 26,Tenure (De 30 a 90 días),90.0,873.0,W22
Live Chat,Delivery,MX,Customer,Incomplete order,Agent 103,Supervisor 4,Tenure (De 3 a 6 Meses),100.0,569.0,W22
Live Chat,Delivery,CO,Customer,Incomplete order,Agent 200,Supervisor 4,Tenure (De 3 a 6 Meses),100.0,1227.0,W22
Live Chat,Delivery,CO,Customer,Inedible order,Agent 175,Supervisor 3,Tenure (Mas de 1 año),100.0,418.0,W22
Live Chat,Delivery,CO,Customer,User request order status or delay information,Agent 65,Supervisor 4,Tenure (De 3 a 6 Meses),100.0,1032.0,W22
Live Chat,Delivery,MX,Customer,membership program benefits,Agent 71,Supervisor 4,Tenure (De 30 a 90 días),100.0,913.0,W22
Live Chat,Delivery,MX,Customer,membership program renewal charge,Agent 68,Supervisor 3,Tenure (De 30 a 90 días),100.0,1766.0,W22
Live Chat,Delivery,CO,Customer,order appears as completed but customer haven't receive it - market place,Agent 167,Supervisor 3,Tenure (De 30 a 90 días),100.0,2083.0,W22
Live Chat,Delivery,MX,Customer,order is active but customer already received it,Agent 109,Supervisor 27,Tenure (De 30 a 90 días),100.0,716.0,W22
Live Chat,Delivery,CO,Customer,refund status and conditions doubts,Agent 64,Supervisor 19,Tenure (De 30 a 90 días),100.0,2048.0,W22
Live Chat,Delivery,PE,Customer,Bank Card Stolen (under antifraud review),Agent 138,Supervisor 27,Tenure (De 30 a 90 días),100.0,985.0,W22
Live Chat,Delivery,PE,Customer,Bank Card Stolen (under antifraud review),Agent 189,Supervisor 3,Tenure (De 30 a 90 días),100.0,268.0,W22
Live Chat,Delivery,MX,Customer,Driver or store request to cancel order,Agent 74,Supervisor 27,Tenure (De 3 a 6 Meses),100.0,693.0,W22
Live Chat,Delivery,CO,Customer,Incomplete order,Agent 101,Supervisor 4,Tenure (De 30 a 90 días),100.0,473.0,W22
Live Chat,Delivery,CR,Customer,Inedible order,Agent 103,Supervisor 4,Tenure (De 3 a 6 Meses),100.0,613.0,W22
Live Chat,Delivery,MX,Customer,Online payment failure (under antifraud review),Agent 209,Supervisor 26,Tenure (De 30 a 90 días),100.0,732.0,W22
Live Chat,Delivery,MX,Customer,Online payment failure (under antifraud review),Agent 129,Supervisor 13,Tenure (De 3 a 6 Meses),100.0,1331.0,W22
Live Chat,Delivery,CO,Customer,didi pay balance & top up,Agent 187,Supervisor 13,Tenure (De 30 a 90 días),100.0,1007.0,W22
Live Chat,Delivery,MX,Customer,modify or add address,Agent 162,Supervisor 4,Tenure (De 30 a 90 días),100.0,20.0,W22
Live Chat,Delivery,MX,Customer,order appears as completed but customer haven't receive it - full service,Agent 195,Supervisor 26,Tenure (De 30 a 90 días),100.0,29.0,W22
Live Chat,Delivery,MX,Customer,order location information,Agent 156,Supervisor 26,Tenure (De 6 a 12 Meses),90.0,670.0,W22
Live Chat,Delivery,CO,Customer,After sales user fraud (under anti fraud review),Agent 193,Supervisor 6,Tenure (De 3 a 6 Meses),100.0,297.0,W22
Live Chat,Delivery,CO,Customer,Can't choose card as payment method (under antifraud review),Agent 171,Supervisor 27,Tenure (De 30 a 90 días),100.0,1386.0,W22
Live Chat,Delivery,MX,Customer,Driver or store request to cancel order,Agent 241,Supervisor 9,Tenure (De 30 a 90 días),100.0,579.0,W22
Live Chat,Delivery,MX,Customer,Incomplete order,Agent 164,Supervisor 19,Tenure (De 3 a 6 Meses),100.0,543.0,W22
Live Chat,Delivery,MX,Customer,Inedible order,Agent 100,Supervisor 19,Tenure (De 30 a 90 días),100.0,1334.0,W22
Live Chat,Delivery,PE,Customer,Inedible order,Agent 80,Supervisor 3,Tenure (De 30 a 90 días),100.0,500.0,W22
Live Chat,Delivery,MX,Customer,Online payment failure (under antifraud review),Agent 187,Supervisor 13,Tenure (De 30 a 90 días),100.0,10.0,W22
Live Chat,Delivery,MX,Customer,User disagrees with cancellation charge/debt,Agent 84,Supervisor 6,Tenure (De 6 a 12 Meses),100.0,2923.0,W22
Live Chat,Delivery,MX,Customer,User placed order with wrong information,Agent 162,Supervisor 4,Tenure (De 30 a 90 días),100.0,622.0,W22
Live Chat,Delivery,CO,Customer,refund status and conditions,Agent 172,Supervisor 26,Tenure (De 3 a 6 Meses),100.0,891.0,W22
Live Chat,Delivery,MX,Customer,refund status and conditions doubts,Agent 147,Supervisor 27,Tenure (De 6 a 12 Meses),100.0,406.0,W22
Live Chat,Delivery,MX,Customer,verification fee information,Agent 62,Supervisor 3,Tenure (De 30 a 90 días),100.0,1477.0,W22
Live Chat,Delivery,MX,Customer,Inedible order,Agent 169,Supervisor 19,Tenure (De 3 a 6 Meses),90.0,425.0,W22
Live Chat,Delivery,PE,Customer,Inedible order,Agent 79,Supervisor 3,Tenure (De 30 a 90 días),100.0,429.0,W22
Live Chat,Delivery,MX,Customer,order appears as completed but customer haven't receive it - full service,Agent 74,Supervisor 27,Tenure (De 3 a 6 Meses),100.0,1319.0,W22
Live Chat,Delivery,CO,Customer,After sales user fraud (under anti fraud review),Agent 201,Supervisor 4,Tenure (De 6 a 12 Meses),100.0,1122.0,W22
Live Chat,Delivery,CO,Customer,Incomplete order,Agent 235,Supervisor 4,Tenure (De 30 a 90 días),100.0,674.0,W22
Live Chat,Delivery,MX,Customer,Inedible order,Agent 175,Supervisor 3,Tenure (Mas de 1 año),100.0,1378.0,W22
Live Chat,Delivery,MX,Customer,Inedible order,Agent 113,Supervisor 19,Tenure (De 6 a 12 Meses),100.0,1198.0,W22
Live Chat,Delivery,MX,Customer,Inedible order,Agent 103,Supervisor 4,Tenure (De 3 a 6 Meses),100.0,298.0,W22
Live Chat,Delivery,CO,Customer,Inedible order,Agent 64,Supervisor 19,Tenure (De 30 a 90 días),100.0,226.0,W22
Live Chat,Delivery,MX,Customer,Inedible order,Agent 61,Supervisor 3,Tenure (De 30 a 90 días),80.0,262.0,W22
Live Chat,Delivery,MX,Customer,Issues while paying to courier,Agent 232,Supervisor 9,Tenure (De 30 a 90 días),100.0,875.0,W22
Live Chat,Delivery,MX,Customer,Online payment failure (under antifraud review),Agent 189,Supervisor 3,Tenure (De 30 a 90 días),100.0,76.0,W22
Live Chat,Delivery,CO,Customer,order appears as completed but customer haven't receive it - full service,Agent 61,Supervisor 3,Tenure (De 30 a 90 días),100.0,228.0,W22
Live Chat,Delivery,MX,Customer,order is active but customer already received it,Agent 190,Supervisor 26,Tenure (De 30 a 90 días),90.0,788.0,W22
Live Chat,Delivery,MX,Customer,refund status and conditions,Agent 206,Supervisor 26,Tenure (De 30 a 90 días),100.0,914.0,W22
Live Chat,Delivery,MX,Customer,After sales user fraud (under anti fraud review),Agent 59,Supervisor 27,Tenure (De 3 a 6 Meses),100.0,529.0,W22
Live Chat,Delivery,MX,Customer,Courier overcharged me,Agent 24,Supervisor 3,Tenure (De 6 a 12 Meses),100.0,449.0,W22
Live Chat,Delivery,CO,Customer,Duplicated charge,Agent 140,Supervisor 15,Tenure (De 30 a 90 días),100.0,1712.0,W22
Live Chat,Delivery,CO,Customer,Incomplete order,Agent 26,Supervisor 19,Tenure (De 6 a 12 Meses),100.0,842.0,W22
Live Chat,Delivery,MX,Customer,User disagrees with cancellation charge/debt,Agent 180,Supervisor 9,Tenure (De 3 a 6 Meses),100.0,490.0,W22
Live Chat,Delivery,MX,Customer,food poisoning,Agent 155,Supervisor 13,Tenure (De 30 a 90 días),100.0,462.0,W22
Live Chat,Delivery,MX,Customer,incomplete order,Agent 95,Supervisor 26,Tenure (De 3 a 6 Meses),100.0,798.0,W22
Live Chat,Delivery,MX,Customer,membership program benefits,Agent 77,Supervisor 26,Tenure (De 30 a 90 días),100.0,763.0,W22
Live Chat,Delivery,CO,Customer,modify phone number,Agent 139,Supervisor 26,Tenure (De 3 a 6 Meses),100.0,151.0,W22
Live Chat,Delivery,MX,Customer,order appears as completed but customer haven't receive it - full service,Agent 131,Supervisor 26,Tenure (De 3 a 6 Meses),100.0,108.0,W22
Live Chat,Delivery,CO,Customer,After sales user fraud (under anti fraud review),Agent 186,Supervisor 13,Tenure (De 30 a 90 días),100.0,775.0,W22
Live Chat,Delivery,MX,Customer,Can't choose card as payment method (under antifraud review),Agent 94,Supervisor 26,Tenure (De 30 a 90 días),100.0,355.0,W22
Live Chat,Delivery,CO,Customer,cannot place cash order (under antifraud review),Agent 165,Supervisor 27,Tenure (De 30 a 90 días),80.0,618.0,W22
Live Chat,Delivery,MX,Customer,rate another user,Agent 198,Supervisor 13,Tenure (De 3 a 6 Meses),100.0,457.0,W22
Live Chat,Delivery,CO,Customer,refund status and conditions,Agent 210,Supervisor 4,Tenure (De 3 a 6 Meses),100.0,1459.0,W22
Live Chat,Delivery,MX,Customer,After sales user fraud (under anti fraud review),Agent 121,Supervisor 3,Tenure (De 30 a 90 días),100.0,798.0,W22
Live Chat,Delivery,CO,Customer,Driver or store request to cancel order,Agent 174,Supervisor 9,Tenure (De 6 a 12 Meses),100.0,328.0,W22
Live Chat,Delivery,MX,Customer,Driver or store request to cancel order,Agent 88,Supervisor 6,Tenure (De 30 a 90 días),100.0,362.0,W22
Live Chat,Delivery,CO,Customer,Driver or store request to cancel order,Agent 136,Supervisor 6,Tenure (De 3 a 6 Meses),100.0,539.0,W22
Live Chat,Delivery,CO,Customer,Inedible order,Agent 65,Supervisor 4,Tenure (De 3 a 6 Meses),100.0,235.0,W22
Live Chat,Delivery,CO,Customer,Partnerships information,Agent 56,Supervisor 6,Tenure (De 3 a 6 Meses),100.0,853.0,W22
Live Chat,Delivery,CO,Customer,inedible order,Agent 26,Supervisor 19,Tenure (De 6 a 12 Meses),100.0,653.0,W22
Live Chat,Delivery,CR,Customer,membership program renewal charge,Agent 189,Supervisor 3,Tenure (De 30 a 90 días),100.0,1118.0,W22
Live Chat,Delivery,MX,Customer,placing an order information,Agent 155,Supervisor 13,Tenure (De 30 a 90 días),100.0,428.0,W22
Live Chat,Delivery,MX,Customer,Courier overcharged me,Agent 143,Supervisor 16,Tenure (De 3 a 6 Meses),100.0,451.0,W22
Live Chat,Delivery,CO,Customer,Duplicated charge,Agent 150,Supervisor 6,Tenure (De 3 a 6 Meses),100.0,1173.0,W22
Live Chat,Delivery,MX,Customer,Inedible order,Agent 164,Supervisor 19,Tenure (De 3 a 6 Meses),100.0,405.0,W22
Live Chat,Delivery,CR,Customer,User don't want the order anymore,Agent 70,Supervisor 4,Tenure (De 6 a 12 Meses),100.0,486.0,W22
Live Chat,Delivery,MX,Customer,order is active but customer already received it,Agent 104,Supervisor 13,Tenure (De 3 a 6 Meses),90.0,606.0,W22
Live Chat,Delivery,MX,Customer,Account Stolen (under antifraud review),Agent 120,Supervisor 6,Tenure (De 30 a 90 días),100.0,801.0,W22
Live Chat,Delivery,MX,Customer,Driver or store request to cancel order,Agent 79,Supervisor 3,Tenure (De 30 a 90 días),100.0,697.0,W22
Live Chat,Delivery,MX,Customer,Incomplete order,Agent 101,Supervisor 4,Tenure (De 30 a 90 días),100.0,391.0,W22
Live Chat,Delivery,MX,Customer,Incomplete order,Agent 116,Supervisor 3,Tenure (De 30 a 90 días),100.0,250.0,W22
Live Chat,Delivery,MX,Customer,cannot use my coupon (under antifraud review),Agent 213,Supervisor 13,Tenure (De 30 a 90 días),100.0,2617.0,W22
Live Chat,Delivery,MX,Customer,membership program renewal charge,Agent 83,Supervisor 27,Tenure (De 3 a 6 Meses),100.0,250.0,W22
Live Chat,Delivery,MX,Customer,wrong order,Agent 143,Supervisor 16,Tenure (De 30 a 90 días),100.0,656.0,W22
Live Chat,Delivery,CR,Customer,After sales user fraud (under anti fraud review),Agent 241,Supervisor 9,Tenure (De 30 a 90 días),100.0,306.0,W22
Live Chat,Delivery,MX,Customer,Incomplete order,Agent 169,Supervisor 19,Tenure (De 3 a 6 Meses),90.0,529.0,W22
Live Chat,Delivery,MX,Customer,Incomplete order,Agent 167,Supervisor 3,Tenure (De 30 a 90 días),100.0,411.0,W22
Live Chat,Delivery,MX,Customer,User placed order with wrong information,Agent 207,Supervisor 6,Tenure (De 3 a 6 Meses),100.0,20.0,W22
Live Chat,Delivery,MX,Customer,cannot use my coupon (under antifraud review),Agent 250,Supervisor 6,Tenure (De 3 a 6 Meses),100.0,2120.0,W22
Live Chat,Delivery,MX,Customer,membership program renewal charge,Agent 7,Supervisor 4,Tenure (De 6 a 12 Meses),100.0,816.0,W22
Live Chat,Delivery,MX,Customer,modify or add address,Agent 165,Supervisor 27,Tenure (De 30 a 90 días),100.0,965.0,W22
Live Chat,Delivery,MX,Customer,order appears as completed but customer haven't receive it - full service,Agent 234,Supervisor 26,Tenure (De 30 a 90 días),100.0,980.0,W22
Live Chat,Delivery,CO,Customer,placing an order information,Agent 62,Supervisor 3,Tenure (De 30 a 90 días),100.0,802.0,W22
Live Chat,Delivery,CO,Customer,refund status and conditions,Agent 177,Supervisor 9,Tenure (De 30 a 90 días),100.0,1972.0,W22
Live Chat,Delivery,MX,Customer,wrong order,Agent 182,Supervisor 6,Tenure (De 3 a 6 Meses),100.0,464.0,W22
Live Chat,Delivery,CO,Customer,Incomplete order,Agent 235,Supervisor 4,Tenure (De 30 a 90 días),100.0,919.0,W22
Live Chat,Delivery,CO,Customer,Inedible order,Agent 169,Supervisor 19,Tenure (De 3 a 6 Meses),100.0,438.0,W22
Live Chat,Delivery,MX,Customer,Issues while paying to courier,Agent 91,Supervisor 26,Tenure (De 6 a 12 Meses),100.0,696.0,W22
Live Chat,Delivery,MX,Customer,User placed order with wrong information,Agent 79,Supervisor 3,Tenure (De 30 a 90 días),100.0,378.0,W22
Live Chat,Delivery,CO,Customer,order appears as completed but customer haven't receive it - full service,Agent 175,Supervisor 3,Tenure (Mas de 1 año),100.0,988.0,W22
Live Chat,Delivery,MX,Customer,refund status and conditions,Agent 101,Supervisor 4,Tenure (De 3 a 6 Meses),100.0,902.0,W22
Live Chat,Delivery,MX,Customer,After sales user fraud (under anti fraud review),Agent 109,Supervisor 27,Tenure (De 30 a 90 días),100.0,265.0,W22
Live Chat,Delivery,CO,Customer,Courier overcharged me,Agent 40,Supervisor 15,Tenure (De 6 a 12 Meses),100.0,915.0,W22
Live Chat,Delivery,CO,Customer,Duplicated charge,Agent 56,Supervisor 6,Tenure (De 3 a 6 Meses),100.0,417.0,W22
Live Chat,Delivery,CO,Customer,Inedible order,Agent 103,Supervisor 4,Tenure (De 3 a 6 Meses),100.0,674.0,W22
Live Chat,Delivery,CO,Customer,cannot use my coupon (under antifraud review),Agent 200,Supervisor 4,Tenure (De 3 a 6 Meses),100.0,71.0,W22
Live Chat,Delivery,MX,Customer,membership program renewal charge,Agent 63,Supervisor 4,Tenure (De 30 a 90 días),100.0,73.0,W22
Live Chat,Delivery,MX,Customer,payment methods available,Agent 189,Supervisor 3,Tenure (De 30 a 90 días),90.0,349.0,W22
Live Chat,Delivery,MX,Customer,Incomplete order,Agent 66,Supervisor 19,Tenure (De 3 a 6 Meses),100.0,192.0,W22
Live Chat,Delivery,CR,Customer,Incomplete order,Agent 64,Supervisor 19,Tenure (De 30 a 90 días),100.0,759.0,W22
Live Chat,Delivery,MX,Customer,User placed order with wrong information,Agent 102,Supervisor 6,Tenure (De 30 a 90 días),100.0,778.0,W22
Live Chat,Delivery,MX,Customer,inedible order,Agent 91,Supervisor 26,Tenure (De 6 a 12 Meses),100.0,743.0,W22
Live Chat,Delivery,MX,Customer,placing an order information,Agent 156,Supervisor 26,Tenure (De 6 a 12 Meses),100.0,475.0,W22
Live Chat,Delivery,CO,Customer,refund status and conditions,Agent 237,Supervisor 15,Tenure (De 30 a 90 días),100.0,798.0,W22
Live Chat,Delivery,MX,Customer,store promotions doubts,Agent 233,Supervisor 9,Tenure (De 30 a 90 días),100.0,2063.0,W22
Live Chat,Delivery,MX,Customer,Can't choose card as payment method (under antifraud review),Agent 83,Supervisor 27,Tenure (De 3 a 6 Meses),100.0,689.0,W22
Live Chat,Delivery,MX,Customer,Can't choose card as payment method (under antifraud review),Agent 137,Supervisor 26,Tenure (De 3 a 6 Meses),90.0,716.0,W22
Live Chat,Delivery,MX,Customer,Inedible order,Agent 66,Supervisor 19,Tenure (De 3 a 6 Meses),100.0,2572.0,W22
Live Chat,Delivery,MX,Customer,User request order status or delay information,Agent 189,Supervisor 3,Tenure (De 30 a 90 días),100.0,812.0,W22
Live Chat,Delivery,CO,Customer,inedible order,Agent 101,Supervisor 4,Tenure (De 30 a 90 días),100.0,496.0,W22
Live Chat,Delivery,MX,Customer,modify phone number,Agent 232,Supervisor 9,Tenure (De 30 a 90 días),90.0,134.0,W22
Live Chat,Delivery,CO,Customer,rate another user,Agent 69,Supervisor 29,Tenure (De 3 a 6 Meses),100.0,142.0,W22
Live Chat,Delivery,MX,Customer,delivery verification code,Agent 130,Supervisor 27,Tenure (De 30 a 90 días),100.0,391.0,W22
Live Chat,Delivery,CR,Customer,incomplete order,Agent 121,Supervisor 3,Tenure (De 30 a 90 días),100.0,895.0,W22
Live Chat,Delivery,CO,Customer,inedible order,Agent 76,Supervisor 4,Tenure (De 3 a 6 Meses),100.0,934.0,W22
Live Chat,Delivery,CO,Customer,payment methods available,Agent 190,Supervisor 26,Tenure (De 30 a 90 días),100.0,568.0,W22
Live Chat,Delivery,MX,Customer,After sales user fraud (under anti fraud review),Agent 154,Supervisor 27,Tenure (De 3 a 6 Meses),100.0,306.0,W22
Live Chat,Delivery,MX,Customer,Inedible order,Agent 40,Supervisor 15,Tenure (De 6 a 12 Meses),100.0,778.0,W22
Live Chat,Delivery,MX,Customer,inedible order,Agent 64,Supervisor 19,Tenure (De 30 a 90 días),100.0,335.0,W22
Live Chat,Delivery,MX,Customer,Courier overcharged me,Agent 109,Supervisor 27,Tenure (De 30 a 90 días),100.0,949.0,W22
Live Chat,Delivery,CO,Customer,Incomplete order,Agent 3,Supervisor 3,Tenure (De 3 a 6 Meses),100.0,788.0,W22
Live Chat,Delivery,MX,Customer,Incomplete order,Agent 116,Supervisor 3,Tenure (De 30 a 90 días),100.0,529.0,W22
Live Chat,Delivery,MX,Customer,Incomplete order,Agent 103,Supervisor 4,Tenure (De 3 a 6 Meses),100.0,736.0,W22
Live Chat,Delivery,CO,Customer,User request order status or delay information,Agent 119,Supervisor 9,Tenure (De 3 a 6 Meses),100.0,568.0,W22
Live Chat,Delivery,MX,Customer,delivery verification code,Agent 241,Supervisor 9,Tenure (De 30 a 90 días),100.0,758.0,W22
Live Chat,Delivery,MX,Customer,placing an order information,Agent 57,Supervisor 27,Tenure (De 6 a 12 Meses),90.0,717.0,W22
Live Chat,Delivery,MX,Customer,verification fee information,Agent 181,Supervisor 19,Tenure (De 3 a 6 Meses),100.0,776.0,W22
